constant,N,runs,mean_abs_err,rmse,rel_rmse,theory_sigma_over_sqrtN,rmse_over_theory
e,100000,35,0.002063376370285714,0.0025491368943551048,0.000937775056164862,0.002767289985611349,0.9211672457926198
e,1000000,35,0.0005811942988857144,0.0007949006402226209,0.0002924276033119195,0.0008750939300706446,0.9083603632794598
e,10000000,35,0.00019346327602857145,0.0002609733869489023,9.600674375138076e-05,0.00027672899856113494,0.9430648334863543
e,100000000,35,7.31366143142857e-05,8.463501435196588e-05,3.113548178333821e-05,8.750939300706447e-05,0.9671534842566382
e,1000000000,35,1.986835362857143e-05,2.4332209490427582e-05,8.951319629804965e-06,2.7672899856113494e-05,0.8792793533364417
pi,100000,35,0.0034355218974285707,0.004432774873671697,0.001410996065516805,0.005193039777692652,0.8535992527369486
pi,1000000,35,0.0010778099085714287,0.001350545296212152,0.0004298919195233439,0.001642183367736324,0.8224083392549627
pi,10000000,35,0.00038654742971428574,0.0004975811492648669,0.00015838499898969955,0.0005193039777692651,0.9581693392804128
pi,100000000,35,0.0001402712454285714,0.0001804522071710102,5.743972152621807e-05,0.0001642183367736324,1.098855406261698
pi,1000000000,35,3.996879885714286e-05,4.996735272359784e-05,1.590510235835375e-05,5.193039777692652e-05,0.9621985361683307
