system,constant,N,t_v0,t_v1,t_v2,gain_v0_v1,gain_v1_v2,gain_v0_v2,ns_per_sample_v2
pc,e,100000,0.01311,0.004865,0.001696,2.6947584789311407,2.8685141509433962,7.7299528301886795,16.96
pc,e,1000000,0.044474,0.049305,0.016589,0.9020180509076158,2.972150220025318,2.680933148471879,16.589000000000002
pc,e,10000000,0.387631,0.479002,0.146374,0.809247143018192,3.2724527580034706,2.6482230450763113,14.637400000000001
pc,e,100000000,4.02502,4.196893,1.525132,0.9590475620893836,2.7518227930434875,2.6391289409703553,15.251319999999998
pc,e,1000000000,,38.272155,14.64594,,2.6131579809831256,,14.64594
pc,pi,100000,0.003203,0.003251,0.001074,0.9852353122116272,3.027001862197393,2.9823091247672253,10.74
pc,pi,1000000,0.031063,0.031093,0.010534,0.9990351526066961,2.9516802734004175,2.9488323523827606,10.534
pc,pi,10000000,0.278502,0.277471,0.093633,1.0037157036230813,2.9633889761088508,2.974400051263978,9.363299999999999
pc,pi,100000000,2.778117,2.747675,0.903935,1.0110791851292456,3.039682056785056,3.073359257026224,9.03935
pc,pi,1000000000,27.263396,27.165135,9.428898,1.0036171732627135,2.8810508926918077,2.891472152949369,9.428898
