system,program,constant,N,P,reps,t_serial,t_median,t_min,t_max,speedup,efficiency,wall_median,startup_s
pc,mpi_v0,e,100000,1,7,0.01311,0.006878,0.005649,0.010316,1.9060773480662982,1.9060773480662982,0.378215,0.37133700000000003
pc,mpi_v0,e,100000,2,7,0.01311,0.002889,0.002579,0.003435,4.537902388369678,2.268951194184839,0.359308,0.35641900000000004
pc,mpi_v0,e,100000,4,7,0.01311,0.002192,0.001779,0.002251,5.980839416058394,1.4952098540145986,0.387023,0.384831
pc,mpi_v0,e,100000,8,7,0.01311,0.002344,0.00097,0.007246,5.593003412969283,0.6991254266211604,0.493392,0.491048
pc,mpi_v0,e,1000000,1,7,0.044474,0.044034,0.042188,0.04503,1.0099922786937368,1.0099922786937368,0.364227,0.320193
pc,mpi_v0,e,1000000,2,7,0.044474,0.02182,0.020851,0.024597,2.0382218148487627,1.0191109074243814,0.34818,0.32636
pc,mpi_v0,e,1000000,4,7,0.044474,0.016904,0.014095,0.019956,2.630974917179366,0.6577437292948415,0.370762,0.353858
pc,mpi_v0,e,1000000,8,7,0.044474,0.0137,0.011913,0.015721,3.2462773722627736,0.4057846715328467,0.430039,0.416339
pc,mpi_v0,e,10000000,1,7,0.387631,0.469697,0.458043,0.476529,0.8252788499820097,0.8252788499820097,0.793542,0.323845
pc,mpi_v0,e,10000000,2,7,0.387631,0.259442,0.249784,0.278083,1.4940950193106743,0.7470475096553372,0.59302,0.333578
pc,mpi_v0,e,10000000,4,7,0.387631,0.179235,0.169537,0.193037,2.162697017881552,0.540674254470388,0.553065,0.37383
pc,mpi_v0,e,10000000,8,7,0.387631,0.14458,0.131431,0.191824,2.6810831373633977,0.3351353921704247,0.570646,0.426066
pc,mpi_v0,e,100000000,1,7,4.02502,4.88122,4.67149,5.146986,0.8245930320698514,0.8245930320698514,5.211503,0.33028300000000055
pc,mpi_v0,e,100000000,2,7,4.02502,2.814931,2.678992,3.050241,1.429882295516302,0.714941147758151,3.152763,0.33783200000000013
pc,mpi_v0,e,100000000,4,7,4.02502,1.893936,1.736632,2.685315,2.125214368384148,0.531303592096037,2.254576,0.36064000000000007
pc,mpi_v0,e,100000000,8,7,4.02502,1.289393,1.104683,1.654506,3.121639407069838,0.39020492588372974,1.720907,0.43151399999999995
pc,mpi_v0,pi,100000,1,7,0.003203,0.003186,0.003021,0.003282,1.005335844318895,1.005335844318895,0.351333,0.348147
pc,mpi_v0,pi,100000,2,7,0.003203,0.001487,0.00146,0.00154,2.1540013449899127,1.0770006724949563,0.341582,0.340095
pc,mpi_v0,pi,100000,4,7,0.003203,0.000732,0.000724,0.001073,4.3756830601092895,1.0939207650273224,0.351615,0.350883
pc,mpi_v0,pi,100000,8,7,0.003203,0.000566,0.000541,0.000614,5.659010600706714,0.7073763250883393,0.377653,0.377087
pc,mpi_v0,pi,1000000,1,7,0.031063,0.029809,0.028765,0.038265,1.0420678318628602,1.0420678318628602,0.357548,0.327739
pc,mpi_v0,pi,1000000,2,7,0.031063,0.014187,0.01362,0.015656,2.1895397194614787,1.0947698597307394,0.345416,0.331229
pc,mpi_v0,pi,1000000,4,7,0.031063,0.007633,0.007023,0.012658,4.069566356609459,1.0173915891523648,0.354853,0.34722
pc,mpi_v0,pi,1000000,8,7,0.031063,0.005336,0.005249,0.006356,5.8214017991004505,0.7276752248875563,0.396643,0.391307
pc,mpi_v0,pi,10000000,1,7,0.278502,0.276823,0.271288,0.281771,1.0060652474685992,1.0060652474685992,0.60401,0.32718700000000006
pc,mpi_v0,pi,10000000,2,7,0.278502,0.137702,0.134729,0.158432,2.022497857692699,1.0112489288463495,0.462592,0.32489
pc,mpi_v0,pi,10000000,4,7,0.278502,0.087835,0.076214,0.096245,3.1707405931576256,0.7926851482894064,0.436423,0.348588
pc,mpi_v0,pi,10000000,8,7,0.278502,0.053087,0.05255,0.066095,5.246143123551906,0.6557678904439882,0.470887,0.4178
pc,mpi_v0,pi,100000000,1,7,2.778117,2.738343,2.697886,2.796795,1.0145248422129733,1.0145248422129733,3.061352,0.3230089999999999
pc,mpi_v0,pi,100000000,2,7,2.778117,1.498502,1.433741,1.579489,1.853929457551608,0.926964728775804,1.835196,0.33669400000000005
pc,mpi_v0,pi,100000000,4,7,2.778117,1.027808,1.008303,1.088755,2.7029532753199037,0.6757383188299759,1.441337,0.41352900000000004
pc,mpi_v0,pi,100000000,8,7,2.778117,0.703454,0.693686,0.837174,3.9492518345193854,0.4936564793149232,1.170235,0.4667809999999999
pc,mpi_v2,e,100000,1,7,0.001696,0.001941,0.001853,0.002271,0.8737764039155075,0.8737764039155075,0.334504,0.332563
pc,mpi_v2,e,100000,2,7,0.001696,0.000895,0.000883,0.000922,1.8949720670391061,0.9474860335195531,0.335775,0.33488
pc,mpi_v2,e,100000,4,7,0.001696,0.000492,0.000439,0.000618,3.447154471544715,0.8617886178861788,0.34337,0.342878
pc,mpi_v2,e,100000,8,7,0.001696,0.000325,0.000313,0.000762,5.218461538461539,0.6523076923076924,0.383435,0.38311
pc,mpi_v2,e,1000000,1,7,0.016589,0.018717,0.018047,0.021017,0.8863065662232195,0.8863065662232195,0.357914,0.339197
pc,mpi_v2,e,1000000,2,7,0.016589,0.008439,0.008281,0.00861,1.9657542362839198,0.9828771181419599,0.349502,0.341063
pc,mpi_v2,e,1000000,4,7,0.016589,0.00426,0.004218,0.004285,3.894131455399061,0.9735328638497652,0.352558,0.348298
pc,mpi_v2,e,1000000,8,7,0.016589,0.003102,0.003027,0.005246,5.3478401031592515,0.6684800128949064,0.388503,0.385401
pc,mpi_v2,e,10000000,1,7,0.146374,0.168606,0.16469,0.205686,0.8681422962409404,0.8681422962409404,0.498186,0.32958
pc,mpi_v2,e,10000000,2,7,0.146374,0.083929,0.081309,0.11071,1.744021732654982,0.872010866327491,0.418744,0.334815
pc,mpi_v2,e,10000000,4,7,0.146374,0.054229,0.044547,0.056414,2.699183093916539,0.6747957734791348,0.396089,0.34186000000000005
pc,mpi_v2,e,10000000,8,7,0.146374,0.031,0.030663,0.040323,4.721741935483871,0.5902177419354839,0.414471,0.383471
pc,mpi_v2,e,100000000,1,7,1.525132,1.666695,1.64123,1.752563,0.9150636439180533,0.9150636439180533,1.990854,0.32415899999999986
pc,mpi_v2,e,100000000,2,7,1.525132,0.869916,0.831816,0.938106,1.753194561313966,0.876597280656983,1.193173,0.323257
pc,mpi_v2,e,100000000,4,7,1.525132,0.535556,0.505313,0.614063,2.8477544831913,0.711938620797825,0.927501,0.391945
pc,mpi_v2,e,100000000,8,7,1.525132,0.391453,0.365132,0.413793,3.8960794782515396,0.48700993478144244,0.809195,0.417742
pc,mpi_v2,e,1000000000,1,7,14.64594,16.84301,16.387095,20.667629,0.8695559760399121,0.8695559760399121,17.177233,0.3342230000000015
pc,mpi_v2,e,1000000000,2,7,14.64594,10.133278,10.045881,10.389774,1.4453309185833052,0.7226654592916526,10.482804,0.3495259999999991
pc,mpi_v2,e,1000000000,4,7,14.64594,6.515497,6.42092,6.670957,2.2478622889397384,0.5619655722349346,6.89184,0.3763430000000003
pc,mpi_v2,e,1000000000,8,7,14.64594,4.589612,4.53383,5.202377,3.191106350602186,0.39888829382527324,5.043787,0.4541750000000002
pc,mpi_v2,pi,100000,1,7,0.001074,0.00102,0.000952,0.001067,1.0529411764705883,1.0529411764705883,0.341602,0.340582
pc,mpi_v2,pi,100000,2,7,0.001074,0.000489,0.000444,0.000508,2.196319018404908,1.098159509202454,0.331946,0.331457
pc,mpi_v2,pi,100000,4,7,0.001074,0.000238,0.000227,0.000256,4.512605042016807,1.1281512605042017,0.346361,0.34612299999999996
pc,mpi_v2,pi,100000,8,7,0.001074,0.000181,0.000173,0.001511,5.933701657458564,0.7417127071823205,0.387882,0.387701
pc,mpi_v2,pi,1000000,1,7,0.010534,0.010202,0.009931,0.010223,1.0325426386982945,1.0325426386982945,0.343667,0.333465
pc,mpi_v2,pi,1000000,2,7,0.010534,0.004568,0.004315,0.004589,2.3060420315236425,1.1530210157618213,0.34013,0.33556199999999997
pc,mpi_v2,pi,1000000,4,7,0.010534,0.002282,0.00224,0.003383,4.61612620508326,1.154031551270815,0.346393,0.344111
pc,mpi_v2,pi,1000000,8,7,0.010534,0.001733,0.001679,0.007016,6.078476630121178,0.7598095787651472,0.392058,0.39032500000000003
pc,mpi_v2,pi,10000000,1,7,0.093633,0.092355,0.089567,0.097813,1.013837908072113,1.013837908072113,0.417531,0.32517599999999997
pc,mpi_v2,pi,10000000,2,7,0.093633,0.045038,0.043372,0.051432,2.0789777521204313,1.0394888760602157,0.37842,0.33338199999999996
pc,mpi_v2,pi,10000000,4,7,0.093633,0.028513,0.022227,0.032941,3.283870515203591,0.8209676288008978,0.370156,0.341643
pc,mpi_v2,pi,10000000,8,7,0.093633,0.017627,0.01664,0.025497,5.311907868610653,0.6639884835763317,0.412932,0.395305
pc,mpi_v2,pi,100000000,1,7,0.903935,0.909178,0.879105,0.961759,0.9942332524544149,0.9942332524544149,1.248133,0.3389549999999999
pc,mpi_v2,pi,100000000,2,7,0.903935,0.504594,0.437595,0.520263,1.7914105201409452,0.8957052600704726,0.842334,0.33774000000000004
pc,mpi_v2,pi,100000000,4,7,0.903935,0.31957,0.287064,0.347353,2.828597803298182,0.7071494508245455,0.70177,0.3822
pc,mpi_v2,pi,100000000,8,7,0.903935,0.207159,0.200177,0.249803,4.363484087102178,0.5454355108877722,0.630033,0.42287399999999997
pc,mpi_v2,pi,1000000000,1,7,9.428898,9.234477,8.550072,12.074736,1.0210538182075715,1.0210538182075715,9.563867,0.32939000000000007
pc,mpi_v2,pi,1000000000,2,7,9.428898,5.368693,5.237513,5.768947,1.7562743855906828,0.8781371927953414,5.703698,0.3350049999999998
pc,mpi_v2,pi,1000000000,4,7,9.428898,3.469462,3.430852,3.54878,2.717683029818456,0.679420757454614,3.86043,0.390968
pc,mpi_v2,pi,1000000000,8,7,9.428898,2.451881,2.398747,2.483639,3.845577334299666,0.4806971667874583,2.885377,0.4334959999999999
