system,program,constant,N,P,reps,t_median,t_min,t_max,wall_median
pc,mpi_v0,e,100000,1,7,0.006878,0.005649,0.010316,0.378215
pc,mpi_v0,e,100000,2,7,0.002889,0.002579,0.003435,0.359308
pc,mpi_v0,e,100000,4,7,0.002192,0.001779,0.002251,0.387023
pc,mpi_v0,e,100000,8,7,0.002344,0.00097,0.007246,0.493392
pc,mpi_v0,e,1000000,1,7,0.044034,0.042188,0.04503,0.364227
pc,mpi_v0,e,1000000,2,7,0.02182,0.020851,0.024597,0.34818
pc,mpi_v0,e,1000000,4,7,0.016904,0.014095,0.019956,0.370762
pc,mpi_v0,e,1000000,8,7,0.0137,0.011913,0.015721,0.430039
pc,mpi_v0,e,10000000,1,7,0.469697,0.458043,0.476529,0.793542
pc,mpi_v0,e,10000000,2,7,0.259442,0.249784,0.278083,0.59302
pc,mpi_v0,e,10000000,4,7,0.179235,0.169537,0.193037,0.553065
pc,mpi_v0,e,10000000,8,7,0.14458,0.131431,0.191824,0.570646
pc,mpi_v0,e,100000000,1,7,4.88122,4.67149,5.146986,5.211503
pc,mpi_v0,e,100000000,2,7,2.814931,2.678992,3.050241,3.152763
pc,mpi_v0,e,100000000,4,7,1.893936,1.736632,2.685315,2.254576
pc,mpi_v0,e,100000000,8,7,1.289393,1.104683,1.654506,1.720907
pc,mpi_v0,pi,100000,1,7,0.003186,0.003021,0.003282,0.351333
pc,mpi_v0,pi,100000,2,7,0.001487,0.00146,0.00154,0.341582
pc,mpi_v0,pi,100000,4,7,0.000732,0.000724,0.001073,0.351615
pc,mpi_v0,pi,100000,8,7,0.000566,0.000541,0.000614,0.377653
pc,mpi_v0,pi,1000000,1,7,0.029809,0.028765,0.038265,0.357548
pc,mpi_v0,pi,1000000,2,7,0.014187,0.01362,0.015656,0.345416
pc,mpi_v0,pi,1000000,4,7,0.007633,0.007023,0.012658,0.354853
pc,mpi_v0,pi,1000000,8,7,0.005336,0.005249,0.006356,0.396643
pc,mpi_v0,pi,10000000,1,7,0.276823,0.271288,0.281771,0.60401
pc,mpi_v0,pi,10000000,2,7,0.137702,0.134729,0.158432,0.462592
pc,mpi_v0,pi,10000000,4,7,0.087835,0.076214,0.096245,0.436423
pc,mpi_v0,pi,10000000,8,7,0.053087,0.05255,0.066095,0.470887
pc,mpi_v0,pi,100000000,1,7,2.738343,2.697886,2.796795,3.061352
pc,mpi_v0,pi,100000000,2,7,1.498502,1.433741,1.579489,1.835196
pc,mpi_v0,pi,100000000,4,7,1.027808,1.008303,1.088755,1.441337
pc,mpi_v0,pi,100000000,8,7,0.703454,0.693686,0.837174,1.170235
pc,mpi_v2,e,100000,1,7,0.001941,0.001853,0.002271,0.334504
pc,mpi_v2,e,100000,2,7,0.000895,0.000883,0.000922,0.335775
pc,mpi_v2,e,100000,4,7,0.000492,0.000439,0.000618,0.34337
pc,mpi_v2,e,100000,8,7,0.000325,0.000313,0.000762,0.383435
pc,mpi_v2,e,1000000,1,7,0.018717,0.018047,0.021017,0.357914
pc,mpi_v2,e,1000000,2,7,0.008439,0.008281,0.00861,0.349502
pc,mpi_v2,e,1000000,4,7,0.00426,0.004218,0.004285,0.352558
pc,mpi_v2,e,1000000,8,7,0.003102,0.003027,0.005246,0.388503
pc,mpi_v2,e,10000000,1,7,0.168606,0.16469,0.205686,0.498186
pc,mpi_v2,e,10000000,2,7,0.083929,0.081309,0.11071,0.418744
pc,mpi_v2,e,10000000,4,7,0.054229,0.044547,0.056414,0.396089
pc,mpi_v2,e,10000000,8,7,0.031,0.030663,0.040323,0.414471
pc,mpi_v2,e,100000000,1,7,1.666695,1.64123,1.752563,1.990854
pc,mpi_v2,e,100000000,2,7,0.869916,0.831816,0.938106,1.193173
pc,mpi_v2,e,100000000,4,7,0.535556,0.505313,0.614063,0.927501
pc,mpi_v2,e,100000000,8,7,0.391453,0.365132,0.413793,0.809195
pc,mpi_v2,e,1000000000,1,7,16.84301,16.387095,20.667629,17.177233
pc,mpi_v2,e,1000000000,2,7,10.133278,10.045881,10.389774,10.482804
pc,mpi_v2,e,1000000000,4,7,6.515497,6.42092,6.670957,6.89184
pc,mpi_v2,e,1000000000,8,7,4.589612,4.53383,5.202377,5.043787
pc,mpi_v2,pi,100000,1,7,0.00102,0.000952,0.001067,0.341602
pc,mpi_v2,pi,100000,2,7,0.000489,0.000444,0.000508,0.331946
pc,mpi_v2,pi,100000,4,7,0.000238,0.000227,0.000256,0.346361
pc,mpi_v2,pi,100000,8,7,0.000181,0.000173,0.001511,0.387882
pc,mpi_v2,pi,1000000,1,7,0.010202,0.009931,0.010223,0.343667
pc,mpi_v2,pi,1000000,2,7,0.004568,0.004315,0.004589,0.34013
pc,mpi_v2,pi,1000000,4,7,0.002282,0.00224,0.003383,0.346393
pc,mpi_v2,pi,1000000,8,7,0.001733,0.001679,0.007016,0.392058
pc,mpi_v2,pi,10000000,1,7,0.092355,0.089567,0.097813,0.417531
pc,mpi_v2,pi,10000000,2,7,0.045038,0.043372,0.051432,0.37842
pc,mpi_v2,pi,10000000,4,7,0.028513,0.022227,0.032941,0.370156
pc,mpi_v2,pi,10000000,8,7,0.017627,0.01664,0.025497,0.412932
pc,mpi_v2,pi,100000000,1,7,0.909178,0.879105,0.961759,1.248133
pc,mpi_v2,pi,100000000,2,7,0.504594,0.437595,0.520263,0.842334
pc,mpi_v2,pi,100000000,4,7,0.31957,0.287064,0.347353,0.70177
pc,mpi_v2,pi,100000000,8,7,0.207159,0.200177,0.249803,0.630033
pc,mpi_v2,pi,1000000000,1,7,9.234477,8.550072,12.074736,9.563867
pc,mpi_v2,pi,1000000000,2,7,5.368693,5.237513,5.768947,5.703698
pc,mpi_v2,pi,1000000000,4,7,3.469462,3.430852,3.54878,3.86043
pc,mpi_v2,pi,1000000000,8,7,2.451881,2.398747,2.483639,2.885377
pc,serial_v0,e,100000,1,7,0.01311,0.009769,0.01357,0.03177
pc,serial_v0,e,1000000,1,7,0.044474,0.039635,0.045612,0.050423
pc,serial_v0,e,10000000,1,7,0.387631,0.377278,0.426402,0.39362
pc,serial_v0,e,100000000,1,7,4.02502,3.808337,4.828205,4.030454
pc,serial_v0,pi,100000,1,7,0.003203,0.002982,0.003371,0.00854
pc,serial_v0,pi,1000000,1,7,0.031063,0.02743,0.034301,0.036676
pc,serial_v0,pi,10000000,1,7,0.278502,0.274879,0.30722,0.283825
pc,serial_v0,pi,100000000,1,7,2.778117,2.761966,2.934852,2.785178
pc,serial_v0,pi,1000000000,1,7,27.263396,27.175385,27.457827,27.269097
pc,serial_v1,e,100000,1,7,0.004865,0.004453,0.005076,0.011715
pc,serial_v1,e,1000000,1,7,0.049305,0.047276,0.055808,0.055802
pc,serial_v1,e,10000000,1,7,0.479002,0.455891,0.631958,0.485069
pc,serial_v1,e,100000000,1,7,4.196893,3.905323,4.988644,4.203497
pc,serial_v1,e,1000000000,1,7,38.272155,37.408147,42.35602,38.278438
pc,serial_v1,pi,100000,1,7,0.003251,0.003146,0.003341,0.008474
pc,serial_v1,pi,1000000,1,7,0.031093,0.029422,0.031764,0.037125
pc,serial_v1,pi,10000000,1,7,0.277471,0.273479,0.297705,0.283382
pc,serial_v1,pi,100000000,1,7,2.747675,2.708279,2.861379,2.753639
pc,serial_v1,pi,1000000000,1,7,27.165135,27.104359,27.265853,27.171318
pc,serial_v2,e,100000,1,7,0.001696,0.001572,0.001884,0.006745
pc,serial_v2,e,1000000,1,7,0.016589,0.016124,0.017142,0.021951
pc,serial_v2,e,10000000,1,7,0.146374,0.144655,0.151179,0.151989
pc,serial_v2,e,100000000,1,7,1.525132,1.428287,1.795998,1.530686
pc,serial_v2,e,1000000000,1,7,14.64594,14.4488,21.185501,14.65198
pc,serial_v2,pi,100000,1,7,0.001074,0.001035,0.00115,0.006145
pc,serial_v2,pi,1000000,1,7,0.010534,0.009786,0.010696,0.015827
pc,serial_v2,pi,10000000,1,7,0.093633,0.090114,0.109515,0.099014
pc,serial_v2,pi,100000000,1,7,0.903935,0.895145,0.906918,0.909048
pc,serial_v2,pi,1000000000,1,7,9.428898,9.283651,9.645707,9.434238
