system,program,constant,N,P,seed,estimate,abs_err,rel_err,time_s,wall_s
pc,mpi_v2,pi,100000,1,101,3.14128,0.0003126536,9.952073e-05,0.001067,0.35945
pc,mpi_v2,pi,100000,1,102,3.138,0.003592654,0.001143577,0.001042,0.370377
pc,mpi_v2,pi,100000,1,103,3.14352,0.001927346,0.0006134934,0.001014,0.317747
pc,mpi_v2,pi,100000,1,104,3.14176,0.0001673464,5.326802e-05,0.001066,0.338573
pc,mpi_v2,pi,100000,1,105,3.143,0.001407346,0.0004479723,0.001002,0.341602
pc,mpi_v2,pi,100000,1,106,3.14344,0.001847346,0.0005880286,0.00102,0.345519
pc,mpi_v2,pi,100000,1,107,3.13996,0.001632654,0.0005196898,0.000952,0.317169
pc,mpi_v2,pi,100000,2,201,3.1382,0.003392654,0.001079915,0.000496,0.328788
pc,mpi_v2,pi,100000,2,202,3.14336,0.001767346,0.0005625638,0.000444,0.34929
pc,mpi_v2,pi,100000,2,203,3.13572,0.005872654,0.001869324,0.000491,0.326261
pc,mpi_v2,pi,100000,2,204,3.1492,0.007607346,0.002421494,0.000454,0.331946
pc,mpi_v2,pi,100000,2,205,3.14092,0.0006726536,0.0002141123,0.000476,0.32757
pc,mpi_v2,pi,100000,2,206,3.13984,0.001752654,0.000557887,0.000508,0.337075
pc,mpi_v2,pi,100000,2,207,3.14756,0.005967346,0.001899465,0.000489,0.341188
pc,mpi_v2,pi,100000,4,401,3.13292,0.008672654,0.002760591,0.000227,0.345505
pc,mpi_v2,pi,100000,4,402,3.13896,0.002632654,0.0008379997,0.000254,0.34549
pc,mpi_v2,pi,100000,4,403,3.14164,4.734641e-05,1.507083e-05,0.000229,0.368055
pc,mpi_v2,pi,100000,4,404,3.14308,0.001487346,0.0004734371,0.000242,0.346009
pc,mpi_v2,pi,100000,4,405,3.13532,0.006272654,0.001996648,0.00023,0.357536
pc,mpi_v2,pi,100000,4,406,3.13612,0.005472654,0.001742,0.000238,0.346361
pc,mpi_v2,pi,100000,4,407,3.1406,0.0009926536,0.0003159715,0.000256,0.360381
pc,mpi_v2,pi,100000,8,801,3.14016,0.001432654,0.0004560278,0.000173,0.388125
pc,mpi_v2,pi,100000,8,802,3.1296,0.01199265,0.00381738,0.00018,0.378623
pc,mpi_v2,pi,100000,8,803,3.13496,0.006632654,0.002111239,0.000213,0.387882
pc,mpi_v2,pi,100000,8,804,3.14476,0.003167346,0.001008198,0.000176,0.37163
pc,mpi_v2,pi,100000,8,805,3.1366,0.004992654,0.001589211,0.000202,0.381028
pc,mpi_v2,pi,100000,8,806,3.13528,0.006312654,0.00200938,0.001511,0.40532
pc,mpi_v2,pi,100000,8,807,3.1448,0.003207346,0.00102093,0.000181,0.390829
pc,mpi_v2,pi,1000000,1,101,3.141688,9.534641e-05,3.03497e-05,0.010161,0.337483
pc,mpi_v2,pi,1000000,1,102,3.1408,0.0007926536,0.0002523095,0.009931,0.331468
pc,mpi_v2,pi,1000000,1,103,3.141676,8.334641e-05,2.652999e-05,0.010213,0.353807
pc,mpi_v2,pi,1000000,1,104,3.139296,0.002296654,0.0007310475,0.010202,0.34695
pc,mpi_v2,pi,1000000,1,105,3.139768,0.001824654,0.0005808053,0.010208,0.342014
pc,mpi_v2,pi,1000000,1,106,3.141472,0.0001206536,3.840523e-05,0.010119,0.343667
pc,mpi_v2,pi,1000000,1,107,3.142304,0.0007113464,0.0002264286,0.010223,0.361067
pc,mpi_v2,pi,1000000,2,201,3.142828,0.001235346,0.000393223,0.004441,0.33642
pc,mpi_v2,pi,1000000,2,202,3.142044,0.0004513464,0.000143668,0.004568,0.340122
pc,mpi_v2,pi,1000000,2,203,3.139144,0.002448654,0.0007794306,0.004315,0.348581
pc,mpi_v2,pi,1000000,2,204,3.143508,0.001915346,0.0006096737,0.004534,0.348914
pc,mpi_v2,pi,1000000,2,205,3.143828,0.002235346,0.0007115329,0.00457,0.34013
pc,mpi_v2,pi,1000000,2,206,3.140868,0.0007246536,0.0002306644,0.004589,0.342253
pc,mpi_v2,pi,1000000,2,207,3.141964,0.0003713464,0.0001182032,0.00457,0.338714
pc,mpi_v2,pi,1000000,4,401,3.144356,0.002763346,0.0008796005,0.003383,0.346393
pc,mpi_v2,pi,1000000,4,402,3.1433,0.001707346,0.0005434652,0.002253,0.345929
pc,mpi_v2,pi,1000000,4,403,3.140836,0.0007566536,0.0002408503,0.002296,0.36064
pc,mpi_v2,pi,1000000,4,404,3.13894,0.002652654,0.0008443659,0.002282,0.341243
pc,mpi_v2,pi,1000000,4,405,3.143032,0.001439346,0.0004581582,0.002258,0.364483
pc,mpi_v2,pi,1000000,4,406,3.13914,0.002452654,0.0007807039,0.002303,0.351796
pc,mpi_v2,pi,1000000,4,407,3.142332,0.0007393464,0.0002353413,0.00224,0.345051
pc,mpi_v2,pi,1000000,8,801,3.141764,0.0001713464,5.454126e-05,0.001732,0.372822
pc,mpi_v2,pi,1000000,8,802,3.139756,0.001836654,0.000584625,0.002859,0.385661
pc,mpi_v2,pi,1000000,8,803,3.14242,0.0008273464,0.0002633525,0.001733,0.394813
pc,mpi_v2,pi,1000000,8,804,3.141496,9.665359e-05,3.076579e-05,0.007016,0.419225
pc,mpi_v2,pi,1000000,8,805,3.142116,0.0005233464,0.0001665863,0.001679,0.414563
pc,mpi_v2,pi,1000000,8,806,3.140832,0.0007606536,0.0002421236,0.001682,0.386293
pc,mpi_v2,pi,1000000,8,807,3.141376,0.0002166536,6.896298e-05,0.002897,0.392058
pc,mpi_v2,pi,10000000,1,101,3.1413024,0.0002902536,9.239059e-05,0.092355,0.417306
pc,mpi_v2,pi,10000000,1,102,3.1416804,8.774641e-05,2.793055e-05,0.093145,0.427109
pc,mpi_v2,pi,10000000,1,103,3.141254,0.0003386536,0.0001077968,0.09149,0.424026
pc,mpi_v2,pi,10000000,1,104,3.1416068,1.414641e-05,4.502942e-06,0.089952,0.410878
pc,mpi_v2,pi,10000000,1,105,3.1410752,0.0005174536,0.0001647106,0.096477,0.417531
pc,mpi_v2,pi,10000000,1,106,3.1417664,0.0001737464,5.53052e-05,0.089567,0.415348
pc,mpi_v2,pi,10000000,1,107,3.1422184,0.0006257464,0.0001991813,0.097813,0.426676
pc,mpi_v2,pi,10000000,2,201,3.1422776,0.0006849464,0.0002180252,0.043372,0.372879
pc,mpi_v2,pi,10000000,2,202,3.1423712,0.0007785464,0.000247819,0.044286,0.369812
pc,mpi_v2,pi,10000000,2,203,3.1407836,0.0008090536,0.0002575298,0.050328,0.37842
pc,mpi_v2,pi,10000000,2,204,3.1416816,8.894641e-05,2.831252e-05,0.051432,0.382576
pc,mpi_v2,pi,10000000,2,205,3.1423524,0.0007597464,0.0002418348,0.043577,0.386234
pc,mpi_v2,pi,10000000,2,206,3.1414388,0.0001538536,4.897312e-05,0.046926,0.409413
pc,mpi_v2,pi,10000000,2,207,3.1412672,0.0003254536,0.0001035951,0.045038,0.376061
pc,mpi_v2,pi,10000000,4,401,3.14302,0.001427346,0.0004543385,0.027492,0.370156
pc,mpi_v2,pi,10000000,4,402,3.1419804,0.0003877464,0.0001234235,0.031072,0.368596
pc,mpi_v2,pi,10000000,4,403,3.1416708,7.814641e-05,2.487477e-05,0.022232,0.36218
pc,mpi_v2,pi,10000000,4,404,3.1411304,0.0004622536,0.0001471399,0.032941,0.380221
pc,mpi_v2,pi,10000000,4,405,3.1413076,0.0002850536,9.073538e-05,0.028513,0.381147
pc,mpi_v2,pi,10000000,4,406,3.141504,8.865359e-05,2.821931e-05,0.022227,0.37361
pc,mpi_v2,pi,10000000,4,407,3.1418392,0.0002465464,7.847816e-05,0.029259,0.367429
pc,mpi_v2,pi,10000000,8,801,3.1415468,4.585359e-05,1.459565e-05,0.01664,0.3982
pc,mpi_v2,pi,10000000,8,802,3.1414252,0.0001674536,5.330213e-05,0.017501,0.412932
pc,mpi_v2,pi,10000000,8,803,3.1416192,2.654641e-05,8.449985e-06,0.023886,0.472511
pc,mpi_v2,pi,10000000,8,804,3.1416852,9.254641e-05,2.945844e-05,0.017627,0.424475
pc,mpi_v2,pi,10000000,8,805,3.1412928,0.0002998536,9.544636e-05,0.019143,0.382001
pc,mpi_v2,pi,10000000,8,806,3.141448,0.0001446536,4.604467e-05,0.025497,0.416962
pc,mpi_v2,pi,10000000,8,807,3.1412092,0.0003834536,0.0001220571,0.016751,0.408819
pc,mpi_v2,pi,100000000,1,101,3.1412202,0.0003724536,0.0001185557,0.961759,1.283548
pc,mpi_v2,pi,100000000,1,102,3.14176356,0.0001709064,5.44012e-05,0.898049,1.214552
pc,mpi_v2,pi,100000000,1,103,3.14145732,0.0001353336,4.307802e-05,0.909178,1.234061
pc,mpi_v2,pi,100000000,1,104,3.14140204,0.0001906136,6.067419e-05,0.916126,1.248133
pc,mpi_v2,pi,100000000,1,105,3.1411986,0.0003940536,0.0001254312,0.92528,1.249988
pc,mpi_v2,pi,100000000,1,106,3.14169232,9.966641e-05,3.17248e-05,0.902461,1.249448
pc,mpi_v2,pi,100000000,1,107,3.14180608,0.0002134264,6.793574e-05,0.879105,1.194632
pc,mpi_v2,pi,100000000,2,201,3.14195804,0.0003653864,0.0001163061,0.520263,0.844143
pc,mpi_v2,pi,100000000,2,202,3.14162008,2.742641e-05,8.730098e-06,0.4758,0.812287
pc,mpi_v2,pi,100000000,2,203,3.1416968,0.0001041464,3.315083e-05,0.504594,0.848604
pc,mpi_v2,pi,100000000,2,204,3.1415548,3.785359e-05,1.204917e-05,0.509557,0.842334
pc,mpi_v2,pi,100000000,2,205,3.1415678,2.485359e-05,7.911143e-06,0.437595,0.76374
pc,mpi_v2,pi,100000000,2,206,3.14180376,0.0002111064,6.719726e-05,0.483247,0.814095
pc,mpi_v2,pi,100000000,2,207,3.141539,5.365359e-05,1.707847e-05,0.509246,0.853675
pc,mpi_v2,pi,100000000,4,401,3.1417072,0.0001145464,3.646125e-05,0.347353,0.710923
pc,mpi_v2,pi,100000000,4,402,3.14148284,0.0001098136,3.495475e-05,0.31957,0.752125
pc,mpi_v2,pi,100000000,4,403,3.14142752,0.0001651336,5.256365e-05,0.287379,0.699308
pc,mpi_v2,pi,100000000,4,404,3.14170772,0.0001150664,3.662678e-05,0.293981,0.70177
pc,mpi_v2,pi,100000000,4,405,3.14132324,0.0002694136,8.575701e-05,0.335185,0.749046
pc,mpi_v2,pi,100000000,4,406,3.1414974,9.525359e-05,3.032016e-05,0.287064,0.670406
pc,mpi_v2,pi,100000000,4,407,3.1419,0.0003073464,9.78314e-05,0.345727,0.695467
pc,mpi_v2,pi,100000000,8,801,3.141489,0.0001036536,3.299396e-05,0.249803,0.689571
pc,mpi_v2,pi,100000000,8,802,3.14182344,0.0002307864,7.34616e-05,0.236387,0.629673
pc,mpi_v2,pi,100000000,8,803,3.1417976,0.0002049464,6.523647e-05,0.219228,0.641242
pc,mpi_v2,pi,100000000,8,804,3.1415788,1.385359e-05,4.409735e-06,0.205657,0.630033
pc,mpi_v2,pi,100000000,8,805,3.14153868,5.397359e-05,1.718033e-05,0.207159,0.61298
pc,mpi_v2,pi,100000000,8,806,3.14155512,3.753359e-05,1.194731e-05,0.200177,0.631462
pc,mpi_v2,pi,100000000,8,807,3.1412182,0.0003744536,0.0001191923,0.206459,0.616832
pc,mpi_v2,pi,1000000000,1,101,3.141657504,6.485041e-05,2.064253e-05,9.234477,9.563867
pc,mpi_v2,pi,1000000000,1,102,3.141624644,3.199041e-05,1.018286e-05,8.913794,9.260355
pc,mpi_v2,pi,1000000000,1,103,3.14154792,4.473359e-05,1.423914e-05,10.395577,10.718614
pc,mpi_v2,pi,1000000000,1,104,3.141574564,1.808959e-05,5.758095e-06,12.074736,12.423717
pc,mpi_v2,pi,1000000000,1,105,3.141576428,1.622559e-05,5.164766e-06,8.643146,8.997198
pc,mpi_v2,pi,1000000000,1,106,3.1416057,1.304641e-05,4.152801e-06,9.403933,9.737234
pc,mpi_v2,pi,1000000000,1,107,3.141590504,2.14959e-06,6.842357e-07,8.550072,8.874769
pc,mpi_v2,pi,1000000000,2,201,3.14158204,1.061359e-05,3.378411e-06,5.623457,5.960713
pc,mpi_v2,pi,1000000000,2,202,3.141645912,5.325841e-05,1.695268e-05,5.368693,5.703698
pc,mpi_v2,pi,1000000000,2,203,3.141562176,3.047759e-05,9.701318e-06,5.371727,5.707496
pc,mpi_v2,pi,1000000000,2,204,3.141544228,4.842559e-05,1.541434e-05,5.237513,5.575121
pc,mpi_v2,pi,1000000000,2,205,3.1416443,5.164641e-05,1.643956e-05,5.768947,6.099457
pc,mpi_v2,pi,1000000000,2,206,3.141581204,1.144959e-05,3.644518e-06,5.33513,5.666178
pc,mpi_v2,pi,1000000000,2,207,3.14150654,8.611359e-05,2.741081e-05,5.300742,5.637385
pc,mpi_v2,pi,1000000000,4,401,3.141616432,2.377841e-05,7.568903e-06,3.54878,3.927903
pc,mpi_v2,pi,1000000000,4,402,3.141582956,9.69759e-06,3.086839e-06,3.469462,3.866893
pc,mpi_v2,pi,1000000000,4,403,3.14153898,5.367359e-05,1.708483e-05,3.533066,3.921232
pc,mpi_v2,pi,1000000000,4,404,3.141598768,6.11441e-06,1.946277e-06,3.468214,3.86043
pc,mpi_v2,pi,1000000000,4,405,3.141593816,1.16241e-06,3.700067e-07,3.482999,3.838155
pc,mpi_v2,pi,1000000000,4,406,3.141555216,3.743759e-05,1.191675e-05,3.430852,3.79835
pc,mpi_v2,pi,1000000000,4,407,3.141655368,6.271441e-05,1.996262e-05,3.438796,3.823905
pc,mpi_v2,pi,1000000000,8,801,3.14160072,8.06641e-06,2.567618e-06,2.48087,2.885377
pc,mpi_v2,pi,1000000000,8,802,3.141692352,9.969841e-05,3.173499e-05,2.451881,2.891335
pc,mpi_v2,pi,1000000000,8,803,3.141528496,6.415759e-05,2.0422e-05,2.413297,2.850702
pc,mpi_v2,pi,1000000000,8,804,3.141648916,5.626241e-05,1.790888e-05,2.398747,2.870831
pc,mpi_v2,pi,1000000000,8,805,3.141475144,0.0001175096,3.740446e-05,2.403632,2.871114
pc,mpi_v2,pi,1000000000,8,806,3.141531844,6.080959e-05,1.935629e-05,2.483639,2.955236
pc,mpi_v2,pi,1000000000,8,807,3.141521464,7.118959e-05,2.266035e-05,2.455542,2.898979
pc,serial_v0,e,100000,1,1,2.71767,0.0006118285,0.0002250791,0.013386,0.047961
pc,serial_v0,e,100000,1,2,2.71866,0.0003781715,0.0001391215,0.01311,0.03225
pc,serial_v0,e,100000,1,3,2.71591,0.002371828,0.0008725469,0.013137,0.032252
pc,serial_v0,e,100000,1,4,2.71722,0.001061828,0.0003906249,0.01357,0.03177
pc,serial_v0,e,100000,1,5,2.71948,0.001198172,0.0004407827,0.009769,0.026048
pc,serial_v0,e,100000,1,6,2.71963,0.001348172,0.0004959646,0.011863,0.027976
pc,serial_v0,e,100000,1,7,2.72019,0.001908172,0.0007019771,0.011341,0.027182
pc,serial_v0,e,1000000,1,1,2.718689,0.0004071715,0.00014979,0.045212,0.05324
pc,serial_v0,e,1000000,1,2,2.71932,0.001038172,0.000381922,0.044474,0.05059
pc,serial_v0,e,1000000,1,3,2.717484,0.0007978285,0.0002935047,0.044562,0.050423
pc,serial_v0,e,1000000,1,4,2.716965,0.001316828,0.0004844341,0.042285,0.047639
pc,serial_v0,e,1000000,1,5,2.716602,0.001679828,0.0006179744,0.039635,0.045015
pc,serial_v0,e,1000000,1,6,2.718735,0.0004531715,0.0001667125,0.043975,0.04966
pc,serial_v0,e,1000000,1,7,2.718507,0.0002251715,8.283598e-05,0.045612,0.052253
pc,serial_v0,e,10000000,1,1,2.7183358,5.397154e-05,1.985502e-05,0.426402,0.432991
pc,serial_v0,e,10000000,1,2,2.7182189,6.292846e-05,2.315009e-05,0.395325,0.401353
pc,serial_v0,e,10000000,1,3,2.7183609,7.907154e-05,2.908879e-05,0.390883,0.396725
pc,serial_v0,e,10000000,1,4,2.7184643,0.0001824715,6.712753e-05,0.385074,0.390964
pc,serial_v0,e,10000000,1,5,2.7184435,0.0001616715,5.947564e-05,0.377278,0.383314
pc,serial_v0,e,10000000,1,6,2.7180102,0.0002716285,9.992653e-05,0.387631,0.39362
pc,serial_v0,e,10000000,1,7,2.7181788,0.0001030285,3.790205e-05,0.384215,0.390345
pc,serial_v0,e,100000000,1,1,2.71835917,7.734154e-05,2.845236e-05,3.808337,3.814891
pc,serial_v0,e,100000000,1,2,2.71824821,3.361846e-05,1.236754e-05,4.02502,4.030454
pc,serial_v0,e,100000000,1,3,2.71840646,0.0001246315,4.584938e-05,3.933441,3.938882
pc,serial_v0,e,100000000,1,4,2.71821253,6.929846e-05,2.549348e-05,3.868249,3.874601
pc,serial_v0,e,100000000,1,5,2.71846201,0.0001801815,6.628508e-05,4.736446,4.742507
pc,serial_v0,e,100000000,1,6,2.71831686,3.503154e-05,1.288738e-05,4.828205,4.835003
pc,serial_v0,e,100000000,1,7,2.71828677,4.941541e-06,1.817891e-06,4.676567,4.682499
pc,serial_v1,e,100000,1,1,2.71767,0.0006118285,0.0002250791,0.004453,0.024571
pc,serial_v1,e,100000,1,2,2.71866,0.0003781715,0.0001391215,0.004751,0.011232
pc,serial_v1,e,100000,1,3,2.71591,0.002371828,0.0008725469,0.004501,0.010647
pc,serial_v1,e,100000,1,4,2.71722,0.001061828,0.0003906249,0.005076,0.059964
pc,serial_v1,e,100000,1,5,2.71948,0.001198172,0.0004407827,0.004968,0.024863
pc,serial_v1,e,100000,1,6,2.71963,0.001348172,0.0004959646,0.004865,0.011715
pc,serial_v1,e,100000,1,7,2.72019,0.001908172,0.0007019771,0.004916,0.011411
pc,serial_v1,e,1000000,1,1,2.718689,0.0004071715,0.00014979,0.053497,0.060818
pc,serial_v1,e,1000000,1,2,2.71932,0.001038172,0.000381922,0.055808,0.06268
pc,serial_v1,e,1000000,1,3,2.717484,0.0007978285,0.0002935047,0.049305,0.055696
pc,serial_v1,e,1000000,1,4,2.716965,0.001316828,0.0004844341,0.049113,0.055944
pc,serial_v1,e,1000000,1,5,2.716602,0.001679828,0.0006179744,0.049331,0.055802
pc,serial_v1,e,1000000,1,6,2.718735,0.0004531715,0.0001667125,0.047276,0.053405
pc,serial_v1,e,1000000,1,7,2.718507,0.0002251715,8.283598e-05,0.04779,0.054681
pc,serial_v1,e,10000000,1,1,2.7183358,5.397154e-05,1.985502e-05,0.631958,0.638817
pc,serial_v1,e,10000000,1,2,2.7182189,6.292846e-05,2.315009e-05,0.525258,0.532397
pc,serial_v1,e,10000000,1,3,2.7183609,7.907154e-05,2.908879e-05,0.488567,0.496086
pc,serial_v1,e,10000000,1,4,2.7184643,0.0001824715,6.712753e-05,0.479002,0.485069
pc,serial_v1,e,10000000,1,5,2.7184435,0.0001616715,5.947564e-05,0.477821,0.484261
pc,serial_v1,e,10000000,1,6,2.7180102,0.0002716285,9.992653e-05,0.455891,0.46215
pc,serial_v1,e,10000000,1,7,2.7181788,0.0001030285,3.790205e-05,0.47102,0.47901
pc,serial_v1,e,100000000,1,1,2.71835917,7.734154e-05,2.845236e-05,4.196893,4.203497
pc,serial_v1,e,100000000,1,2,2.71824821,3.361846e-05,1.236754e-05,4.102064,4.108338
pc,serial_v1,e,100000000,1,3,2.71840646,0.0001246315,4.584938e-05,3.973684,3.978958
pc,serial_v1,e,100000000,1,4,2.71821253,6.929846e-05,2.549348e-05,3.905323,3.910654
pc,serial_v1,e,100000000,1,5,2.71846201,0.0001801815,6.628508e-05,4.796252,4.801922
pc,serial_v1,e,100000000,1,6,2.71831686,3.503154e-05,1.288738e-05,4.897274,4.903921
pc,serial_v1,e,100000000,1,7,2.71828677,4.941541e-06,1.817891e-06,4.988644,4.995055
pc,serial_v1,e,1000000000,1,1,2.718287618,5.789541e-06,2.129853e-06,42.35602,42.362288
pc,serial_v1,e,1000000000,1,2,2.718230259,5.156946e-05,1.897134e-05,38.272155,38.278438
pc,serial_v1,e,1000000000,1,3,2.718330238,4.840954e-05,1.780887e-05,39.272871,39.27942
pc,serial_v1,e,1000000000,1,4,2.718277702,4.126459e-06,1.518039e-06,42.347447,42.35288
pc,serial_v1,e,1000000000,1,5,2.718332711,5.088254e-05,1.871864e-05,37.408147,37.41368
pc,serial_v1,e,1000000000,1,6,2.718329516,4.768754e-05,1.754327e-05,37.471184,37.477149
pc,serial_v1,e,1000000000,1,7,2.718336369,5.454054e-05,2.006434e-05,37.987764,37.994353
pc,serial_v2,e,100000,1,1,2.71942,0.001138172,0.0004187099,0.001669,0.020361
pc,serial_v2,e,100000,1,2,2.72117,0.002888172,0.001062499,0.001627,0.006745
pc,serial_v2,e,100000,1,3,2.71544,0.002841828,0.00104545,0.00171,0.006891
pc,serial_v2,e,100000,1,4,2.71882,0.0005381715,0.0001979822,0.001696,0.006611
pc,serial_v2,e,100000,1,5,2.71296,0.005321828,0.001957791,0.001714,0.006674
pc,serial_v2,e,100000,1,6,2.71627,0.002011828,0.0007401103,0.001884,0.007197
pc,serial_v2,e,100000,1,7,2.71789,0.0003918285,0.0001441456,0.001572,0.006387
pc,serial_v2,e,1000000,1,1,2.718285,3.171541e-06,1.166745e-06,0.017059,0.022429
pc,serial_v2,e,1000000,1,2,2.718032,0.0002498285,9.190675e-05,0.017142,0.022752
pc,serial_v2,e,1000000,1,3,2.717715,0.0005668285,0.0002085245,0.016471,0.021615
pc,serial_v2,e,1000000,1,4,2.71725,0.001031828,0.0003795885,0.016631,0.021951
pc,serial_v2,e,1000000,1,5,2.717634,0.0006478285,0.0002383228,0.016589,0.022014
pc,serial_v2,e,1000000,1,6,2.718146,0.0001358285,4.99685e-05,0.016345,0.021921
pc,serial_v2,e,1000000,1,7,2.717841,0.0004408285,0.0001621717,0.016124,0.021075
pc,serial_v2,e,10000000,1,1,2.7179967,0.0002851285,0.0001048929,0.144655,0.15001
pc,serial_v2,e,10000000,1,2,2.7184455,0.0001636715,6.02114e-05,0.148443,0.153975
pc,serial_v2,e,10000000,1,3,2.7181112,0.0001706285,6.27707e-05,0.146374,0.151989
pc,serial_v2,e,10000000,1,4,2.718224,5.782846e-05,2.12739e-05,0.145266,0.151508
pc,serial_v2,e,10000000,1,5,2.7181755,0.0001063285,3.911605e-05,0.147372,0.152921
pc,serial_v2,e,10000000,1,6,2.718845,0.0005631715,0.0002071792,0.144941,0.150216
pc,serial_v2,e,10000000,1,7,2.7182569,2.492846e-05,9.170668e-06,0.151179,0.156467
pc,serial_v2,e,100000000,1,1,2.71830999,2.816154e-05,1.036005e-05,1.795998,1.802478
pc,serial_v2,e,100000000,1,2,2.71815849,0.0001233385,4.537368e-05,1.512731,1.519121
pc,serial_v2,e,100000000,1,3,2.71822141,6.041846e-05,2.222671e-05,1.428287,1.434142
pc,serial_v2,e,100000000,1,4,2.71824673,3.509846e-05,1.2912e-05,1.525132,1.530686
pc,serial_v2,e,100000000,1,5,2.71832539,4.356154e-05,1.60254e-05,1.606435,1.611564
pc,serial_v2,e,100000000,1,6,2.71835524,7.341154e-05,2.70066e-05,1.570513,1.57666
pc,serial_v2,e,100000000,1,7,2.71830008,1.825154e-05,6.714367e-06,1.469831,1.474905
pc,serial_v2,e,1000000000,1,1,2.718293013,1.118454e-05,4.114563e-06,14.529384,14.534814
pc,serial_v2,e,1000000000,1,2,2.718290205,8.376541e-06,3.081557e-06,14.64594,14.65198
pc,serial_v2,e,1000000000,1,3,2.71831251,3.068154e-05,1.128711e-05,14.471081,14.477242
pc,serial_v2,e,1000000000,1,4,2.7182714,1.042846e-05,3.836416e-06,14.4488,14.454036
pc,serial_v2,e,1000000000,1,5,2.718252986,2.884246e-05,1.061055e-05,14.833553,14.851935
pc,serial_v2,e,1000000000,1,6,2.718314642,3.281354e-05,1.207143e-05,17.953345,17.960734
pc,serial_v2,e,1000000000,1,7,2.718275683,6.145459e-06,2.260788e-06,21.185501,21.194174
pc,mpi_v0,e,100000,1,101,2.71827,1.182846e-05,4.351447e-06,0.005812,0.403477
pc,mpi_v0,e,100000,1,102,2.71724,0.001041828,0.0003832673,0.005878,0.360394
pc,mpi_v0,e,100000,1,103,2.72028,0.001998172,0.0007350862,0.010316,0.377372
pc,mpi_v0,e,100000,1,104,2.71425,0.004031828,0.001483227,0.005649,0.379534
pc,mpi_v0,e,100000,1,105,2.72255,0.004268172,0.001570173,0.008274,0.392746
pc,mpi_v0,e,100000,1,106,2.71534,0.002941828,0.001082238,0.006878,0.369281
pc,mpi_v0,e,100000,1,107,2.71698,0.001301828,0.0004789159,0.007971,0.378215
pc,mpi_v0,e,100000,2,201,2.71807,0.0002118285,7.792734e-05,0.002777,0.373296
pc,mpi_v0,e,100000,2,202,2.71977,0.001488172,0.0005474677,0.003435,0.34781
pc,mpi_v0,e,100000,2,203,2.72145,0.003168172,0.001165505,0.003019,0.353785
pc,mpi_v0,e,100000,2,204,2.71755,0.0007318285,0.0002692246,0.003047,0.398625
pc,mpi_v0,e,100000,2,205,2.71224,0.006041828,0.002222664,0.002854,0.373631
pc,mpi_v0,e,100000,2,206,2.71693,0.001351828,0.0004973099,0.002579,0.349544
pc,mpi_v0,e,100000,2,207,2.71667,0.001611828,0.0005929586,0.002889,0.359308
pc,mpi_v0,e,100000,4,401,2.71756,0.0007218285,0.0002655459,0.002017,0.387023
pc,mpi_v0,e,100000,4,402,2.71988,0.001598172,0.0005879345,0.001779,0.382274
pc,mpi_v0,e,100000,4,403,2.72055,0.002268172,0.0008344137,0.002046,0.383379
pc,mpi_v0,e,100000,4,404,2.7199,0.001618172,0.000595292,0.002247,0.480091
pc,mpi_v0,e,100000,4,405,2.72233,0.004048172,0.001489239,0.002251,0.387404
pc,mpi_v0,e,100000,4,406,2.7208,0.002518172,0.0009263835,0.002199,0.434882
pc,mpi_v0,e,100000,4,407,2.72301,0.004728172,0.001739397,0.002192,0.382295
pc,mpi_v0,e,100000,8,801,2.71506,0.003221828,0.001185244,0.002356,1.639789
pc,mpi_v0,e,100000,8,802,2.71583,0.002451828,0.0009019773,0.003981,0.70591
pc,mpi_v0,e,100000,8,803,2.71649,0.001791828,0.0006591769,0.007246,0.518777
pc,mpi_v0,e,100000,8,804,2.71779,0.0004918285,0.0001809336,0.002344,0.493392
pc,mpi_v0,e,100000,8,805,2.71826,2.182846e-05,8.030241e-06,0.002322,0.429671
pc,mpi_v0,e,100000,8,806,2.71765,0.0006318285,0.0002324367,0.00097,0.403208
pc,mpi_v0,e,100000,8,807,2.71632,0.001961828,0.0007217164,0.001406,0.410304
pc,mpi_v0,e,1000000,1,101,2.718224,5.782846e-05,2.12739e-05,0.04503,0.377042
pc,mpi_v0,e,1000000,1,102,2.717207,0.001074828,0.0003954073,0.044039,0.365945
pc,mpi_v0,e,1000000,1,103,2.717616,0.0006658285,0.0002449446,0.042188,0.362008
pc,mpi_v0,e,1000000,1,104,2.717611,0.0006708285,0.000246784,0.044034,0.370341
pc,mpi_v0,e,1000000,1,105,2.717715,0.0005668285,0.0002085245,0.044017,0.363899
pc,mpi_v0,e,1000000,1,106,2.716755,0.001526828,0.0005616888,0.044792,0.364227
pc,mpi_v0,e,1000000,1,107,2.718931,0.0006491715,0.0002388169,0.04403,0.362822
pc,mpi_v0,e,1000000,2,201,2.718136,0.0001458285,5.364729e-05,0.02271,0.34818
pc,mpi_v0,e,1000000,2,202,2.717081,0.001200828,0.0004417601,0.02182,0.353021
pc,mpi_v0,e,1000000,2,203,2.717629,0.0006528285,0.0002401622,0.021184,0.344889
pc,mpi_v0,e,1000000,2,204,2.719487,0.001205172,0.0004433578,0.020851,0.343644
pc,mpi_v0,e,1000000,2,205,2.720057,0.001775172,0.0006530491,0.021994,0.354106
pc,mpi_v0,e,1000000,2,206,2.719382,0.001100172,0.0004047305,0.021653,0.343814
pc,mpi_v0,e,1000000,2,207,2.718981,0.0006991715,0.0002572108,0.024597,0.356155
pc,mpi_v0,e,1000000,4,401,2.717337,0.0009448285,0.000347583,0.014095,0.368237
pc,mpi_v0,e,1000000,4,402,2.717317,0.0009648285,0.0003549406,0.017699,0.363882
pc,mpi_v0,e,1000000,4,403,2.717321,0.0009608285,0.000353469,0.014941,0.373931
pc,mpi_v0,e,1000000,4,404,2.717982,0.0002998285,0.0001103007,0.016904,0.363604
pc,mpi_v0,e,1000000,4,405,2.718948,0.0006661715,0.0002450708,0.016875,0.381942
pc,mpi_v0,e,1000000,4,406,2.718393,0.0001111715,4.089772e-05,0.017618,0.370762
pc,mpi_v0,e,1000000,4,407,2.719076,0.0007941715,0.0002921594,0.019956,0.385803
pc,mpi_v0,e,1000000,8,801,2.717115,0.001166828,0.0004292522,0.015721,0.430039
pc,mpi_v0,e,1000000,8,802,2.717218,0.001063828,0.0003913606,0.014557,0.433693
pc,mpi_v0,e,1000000,8,803,2.717357,0.0009248285,0.0003402254,0.013782,0.431747
pc,mpi_v0,e,1000000,8,804,2.717917,0.0003648285,0.0001342129,0.013149,0.430681
pc,mpi_v0,e,1000000,8,805,2.718459,0.0001771715,6.517777e-05,0.0137,0.421952
pc,mpi_v0,e,1000000,8,806,2.71859,0.0003081715,0.00011337,0.011913,0.411652
pc,mpi_v0,e,1000000,8,807,2.718124,0.0001578285,5.806185e-05,0.013598,0.423385
pc,mpi_v0,e,10000000,1,101,2.7182259,5.592846e-05,2.057493e-05,0.469697,0.79766
pc,mpi_v0,e,10000000,1,102,2.7178949,0.0003869285,0.000142343,0.458043,0.785474
pc,mpi_v0,e,10000000,1,103,2.718062,0.0002198285,8.087037e-05,0.467135,0.790563
pc,mpi_v0,e,10000000,1,104,2.7177418,0.0005400285,0.0001986654,0.476054,0.803112
pc,mpi_v0,e,10000000,1,105,2.7180406,0.0002412285,8.874299e-05,0.476529,0.802336
pc,mpi_v0,e,10000000,1,106,2.7180258,0.0002560285,9.418761e-05,0.475831,0.793542
pc,mpi_v0,e,10000000,1,107,2.7183288,4.697154e-05,1.727986e-05,0.465187,0.793528
pc,mpi_v0,e,10000000,2,201,2.718405,0.0001231715,4.531228e-05,0.249784,0.577855
pc,mpi_v0,e,10000000,2,202,2.7181318,0.0001500285,5.519239e-05,0.272799,0.602398
pc,mpi_v0,e,10000000,2,203,2.7180089,0.0002729285,0.0001004048,0.255048,0.583336
pc,mpi_v0,e,10000000,2,204,2.718246,3.582846e-05,1.318055e-05,0.264846,0.602275
pc,mpi_v0,e,10000000,2,205,2.7184022,0.0001203715,4.428222e-05,0.250465,0.583471
pc,mpi_v0,e,10000000,2,206,2.7183484,6.657154e-05,2.44903e-05,0.278083,0.613149
pc,mpi_v0,e,10000000,2,207,2.7182087,7.312846e-05,2.690246e-05,0.259442,0.59302
pc,mpi_v0,e,10000000,4,401,2.7179699,0.0003119285,0.0001147521,0.182877,0.571023
pc,mpi_v0,e,10000000,4,402,2.7182168,6.502846e-05,2.392263e-05,0.193037,0.560873
pc,mpi_v0,e,10000000,4,403,2.7183292,4.737154e-05,1.742702e-05,0.169537,0.552724
pc,mpi_v0,e,10000000,4,404,2.7181652,0.0001166285,4.290521e-05,0.179235,0.553599
pc,mpi_v0,e,10000000,4,405,2.7183894,0.0001075715,3.957336e-05,0.175485,0.553065
pc,mpi_v0,e,10000000,4,406,2.718155,0.0001268285,4.665758e-05,0.17187,0.533529
pc,mpi_v0,e,10000000,4,407,2.7182905,8.671541e-06,3.190082e-06,0.182146,0.552007
pc,mpi_v0,e,10000000,8,801,2.7180524,0.0002294285,8.440201e-05,0.131431,0.551077
pc,mpi_v0,e,10000000,8,802,2.7179844,0.0002974285,0.0001094178,0.136437,0.548426
pc,mpi_v0,e,10000000,8,803,2.7178655,0.0004163285,0.0001531587,0.149635,0.575389
pc,mpi_v0,e,10000000,8,804,2.7179744,0.0003074285,0.0001130966,0.148898,0.571304
pc,mpi_v0,e,10000000,8,805,2.7180006,0.0002812285,0.0001034582,0.14458,0.553127
pc,mpi_v0,e,10000000,8,806,2.718051,0.0002308285,8.491704e-05,0.191824,0.620188
pc,mpi_v0,e,10000000,8,807,2.7180485,0.0002333285,8.583674e-05,0.143754,0.570646
pc,mpi_v0,e,100000000,1,101,2.71826818,1.364846e-05,5.020987e-06,5.034416,5.367326
pc,mpi_v0,e,100000000,1,102,2.71829915,1.732154e-05,6.372239e-06,5.146986,5.480388
pc,mpi_v0,e,100000000,1,103,2.71838107,9.924154e-05,3.650892e-05,4.88122,5.211503
pc,mpi_v0,e,100000000,1,104,2.7184095,0.0001276715,4.696774e-05,4.929239,5.253303
pc,mpi_v0,e,100000000,1,105,2.7183422,6.037154e-05,2.220945e-05,4.67149,4.993946
pc,mpi_v0,e,100000000,1,106,2.71830659,2.476154e-05,9.109262e-06,4.72244,5.043624
pc,mpi_v0,e,100000000,1,107,2.7182993,1.747154e-05,6.427421e-06,4.769161,5.093754
pc,mpi_v0,e,100000000,2,201,2.71826772,1.410846e-05,5.190212e-06,2.882955,3.221359
pc,mpi_v0,e,100000000,2,202,2.7181775,0.0001043285,3.83803e-05,2.980495,3.320825
pc,mpi_v0,e,100000000,2,203,2.71824096,4.086846e-05,1.503467e-05,2.781474,3.114179
pc,mpi_v0,e,100000000,2,204,2.71829258,1.075154e-05,3.955271e-06,2.814931,3.143233
pc,mpi_v0,e,100000000,2,205,2.71822651,5.531846e-05,2.035052e-05,3.050241,3.38397
pc,mpi_v0,e,100000000,2,206,2.71838246,0.0001006315,3.702028e-05,2.814056,3.152763
pc,mpi_v0,e,100000000,2,207,2.71838217,0.0001003415,3.691359e-05,2.678992,3.014122
pc,mpi_v0,e,100000000,4,401,2.71819734,8.448846e-05,3.108157e-05,1.893936,2.254576
pc,mpi_v0,e,100000000,4,402,2.71821847,6.335846e-05,2.330827e-05,1.822769,2.185972
pc,mpi_v0,e,100000000,4,403,2.71826143,2.039846e-05,7.504174e-06,2.016623,2.388787
pc,mpi_v0,e,100000000,4,404,2.71825718,2.464846e-05,9.067661e-06,1.770393,2.139981
pc,mpi_v0,e,100000000,4,405,2.71833706,5.523154e-05,2.031855e-05,2.685315,3.053023
pc,mpi_v0,e,100000000,4,406,2.71830538,2.355154e-05,8.664128e-06,1.736632,2.091639
pc,mpi_v0,e,100000000,4,407,2.71837813,9.630154e-05,3.542736e-05,1.944929,2.315399
pc,mpi_v0,e,100000000,8,801,2.7183032,2.137154e-05,7.862151e-06,1.293222,1.720907
pc,mpi_v0,e,100000000,8,802,2.71832824,4.641154e-05,1.707385e-05,1.111443,1.536102
pc,mpi_v0,e,100000000,8,803,2.71825696,2.486846e-05,9.148595e-06,1.289393,1.79591
pc,mpi_v0,e,100000000,8,804,2.71821892,6.290846e-05,2.314273e-05,1.104683,1.502913
pc,mpi_v0,e,100000000,8,805,2.71821137,7.045846e-05,2.592022e-05,1.654506,2.078298
pc,mpi_v0,e,100000000,8,806,2.71822226,5.956846e-05,2.191401e-05,1.384019,1.839125
pc,mpi_v0,e,100000000,8,807,2.71816558,0.0001162485,4.276542e-05,1.247344,1.676369
pc,mpi_v2,e,100000,1,101,2.71802,0.0002618285,9.632131e-05,0.002127,0.354512
pc,mpi_v2,e,100000,1,102,2.71659,0.001691828,0.0006223889,0.001853,0.32256
pc,mpi_v2,e,100000,1,103,2.72173,0.003448172,0.001268511,0.001938,0.323965
pc,mpi_v2,e,100000,1,104,2.71734,0.0009418285,0.0003464793,0.001941,0.335093
pc,mpi_v2,e,100000,1,105,2.71764,0.0006418285,0.0002361155,0.002271,0.339566
pc,mpi_v2,e,100000,1,106,2.7156,0.002681828,0.0009865896,0.00189,0.326195
pc,mpi_v2,e,100000,1,107,2.71323,0.005051828,0.001858464,0.001963,0.334504
pc,mpi_v2,e,100000,2,201,2.7202,0.001918172,0.0007056559,0.000909,0.325713
pc,mpi_v2,e,100000,2,202,2.71836,7.817154e-05,2.87577e-05,0.00091,0.335775
pc,mpi_v2,e,100000,2,203,2.71825,3.182846e-05,1.170904e-05,0.000922,0.325867
pc,mpi_v2,e,100000,2,204,2.72163,0.003348172,0.001231723,0.000883,0.331949
pc,mpi_v2,e,100000,2,205,2.71826,2.182846e-05,8.030241e-06,0.000893,0.33632
pc,mpi_v2,e,100000,2,206,2.72013,0.001848172,0.0006799043,0.000895,0.344655
pc,mpi_v2,e,100000,2,207,2.71995,0.001668172,0.000613686,0.000892,0.342026
pc,mpi_v2,e,100000,4,401,2.71877,0.0004881715,0.0001795883,0.000439,0.337883
pc,mpi_v2,e,100000,4,402,2.71974,0.001458172,0.0005364313,0.000492,0.34337
pc,mpi_v2,e,100000,4,403,2.72196,0.003678172,0.001353124,0.000618,0.351698
pc,mpi_v2,e,100000,4,404,2.71984,0.001558172,0.0005732193,0.000567,0.340234
pc,mpi_v2,e,100000,4,405,2.71676,0.001521828,0.0005598494,0.000461,0.343383
pc,mpi_v2,e,100000,4,406,2.71397,0.004311828,0.001586233,0.000617,0.340314
pc,mpi_v2,e,100000,4,407,2.72028,0.001998172,0.0007350862,0.000446,0.389771
pc,mpi_v2,e,100000,8,801,2.71871,0.0004281715,0.0001575155,0.00036,0.378083
pc,mpi_v2,e,100000,8,802,2.71339,0.004891828,0.001799603,0.000318,0.365899
pc,mpi_v2,e,100000,8,803,2.72088,0.002598172,0.0009558139,0.000762,0.388807
pc,mpi_v2,e,100000,8,804,2.72171,0.003428172,0.001261154,0.000373,0.387114
pc,mpi_v2,e,100000,8,805,2.71667,0.001611828,0.0005929586,0.000325,0.383435
pc,mpi_v2,e,100000,8,806,2.71687,0.001411828,0.0005193827,0.000313,0.392394
pc,mpi_v2,e,100000,8,807,2.72235,0.004068172,0.001496597,0.000318,0.381106
pc,mpi_v2,e,1000000,1,101,2.717695,0.0005868285,0.0002158821,0.019444,0.357914
pc,mpi_v2,e,1000000,1,102,2.716804,0.001477828,0.0005436627,0.018185,0.364624
pc,mpi_v2,e,1000000,1,103,2.718363,8.117154e-05,2.986134e-05,0.021017,0.361391
pc,mpi_v2,e,1000000,1,104,2.717733,0.0005488285,0.0002019027,0.01813,0.354768
pc,mpi_v2,e,1000000,1,105,2.718831,0.0005491715,0.0002020289,0.018047,0.352495
pc,mpi_v2,e,1000000,1,106,2.719056,0.0007741715,0.0002848018,0.018797,0.363678
pc,mpi_v2,e,1000000,1,107,2.717918,0.0003638285,0.000133845,0.018717,0.339668
pc,mpi_v2,e,1000000,2,201,2.719357,0.001075172,0.0003955335,0.00861,0.337363
pc,mpi_v2,e,1000000,2,202,2.717844,0.0004378285,0.0001610681,0.008281,0.347696
pc,mpi_v2,e,1000000,2,203,2.718037,0.0002448285,9.006736e-05,0.008364,0.352878
pc,mpi_v2,e,1000000,2,204,2.717939,0.0003428285,0.0001261195,0.008362,0.355745
pc,mpi_v2,e,1000000,2,205,2.720705,0.002423172,0.000891435,0.008587,0.349502
pc,mpi_v2,e,1000000,2,206,2.71856,0.0002781715,0.0001023336,0.008574,0.367024
pc,mpi_v2,e,1000000,2,207,2.718269,1.282846e-05,4.719326e-06,0.008439,0.341517
pc,mpi_v2,e,1000000,4,401,2.719791,0.001509172,0.0005551932,0.00426,0.352558
pc,mpi_v2,e,1000000,4,402,2.720106,0.001824172,0.0006710752,0.004218,0.352917
pc,mpi_v2,e,1000000,4,403,2.718265,1.682846e-05,6.190844e-06,0.004285,0.344216
pc,mpi_v2,e,1000000,4,404,2.71832,3.817154e-05,1.404253e-05,0.004285,0.353568
pc,mpi_v2,e,1000000,4,405,2.719123,0.0008411715,0.0003094497,0.004233,0.342586
pc,mpi_v2,e,1000000,4,406,2.717589,0.0006928285,0.0002548773,0.004222,0.361758
pc,mpi_v2,e,1000000,4,407,2.718548,0.0002661715,9.791904e-05,0.004269,0.344521
pc,mpi_v2,e,1000000,8,801,2.718091,0.0001908285,7.020187e-05,0.004472,0.389706
pc,mpi_v2,e,1000000,8,802,2.71825,3.182846e-05,1.170904e-05,0.003102,0.368925
pc,mpi_v2,e,1000000,8,803,2.718744,0.0004621715,0.0001700234,0.003067,0.388503
pc,mpi_v2,e,1000000,8,804,2.717406,0.0008758285,0.0003221993,0.003217,0.37708
pc,mpi_v2,e,1000000,8,805,2.718214,6.782846e-05,2.49527e-05,0.003027,0.384369
pc,mpi_v2,e,1000000,8,806,2.718811,0.0005291715,0.0001946713,0.005246,0.390808
pc,mpi_v2,e,1000000,8,807,2.717559,0.0007228285,0.0002659137,0.003085,0.40677
pc,mpi_v2,e,10000000,1,101,2.7182473,3.452846e-05,1.270231e-05,0.205686,0.560182
pc,mpi_v2,e,10000000,1,102,2.7180746,0.0002072285,7.623509e-05,0.16469,0.498186
pc,mpi_v2,e,10000000,1,103,2.7182952,1.337154e-05,4.919115e-06,0.168938,0.49227
pc,mpi_v2,e,10000000,1,104,2.7184322,0.0001503715,5.53186e-05,0.167553,0.493254
pc,mpi_v2,e,10000000,1,105,2.7183811,9.927154e-05,3.651996e-05,0.166929,0.502604
pc,mpi_v2,e,10000000,1,106,2.7187131,0.0004312715,0.0001586559,0.168606,0.502951
pc,mpi_v2,e,10000000,1,107,2.7180757,0.0002061285,7.583042e-05,0.170355,0.497045
pc,mpi_v2,e,10000000,2,201,2.7182971,1.527154e-05,5.618086e-06,0.081309,0.414055
pc,mpi_v2,e,10000000,2,202,2.7183183,3.647154e-05,1.341713e-05,0.11071,0.435635
pc,mpi_v2,e,10000000,2,203,2.7181378,0.0001440285,5.298511e-05,0.083929,0.40808
pc,mpi_v2,e,10000000,2,204,2.718468,0.0001861715,6.848868e-05,0.083541,0.418744
pc,mpi_v2,e,10000000,2,205,2.7188382,0.0005563715,0.0002046777,0.082068,0.411162
pc,mpi_v2,e,10000000,2,206,2.7181121,0.0001697285,6.243961e-05,0.089261,0.420981
pc,mpi_v2,e,10000000,2,207,2.7184856,0.0002037715,7.496336e-05,0.084734,0.424298
pc,mpi_v2,e,10000000,4,401,2.7190745,0.0007926715,0.0002916076,0.044949,0.4004
pc,mpi_v2,e,10000000,4,402,2.7181295,0.0001523285,5.603851e-05,0.054229,0.392495
pc,mpi_v2,e,10000000,4,403,2.7183084,2.657154e-05,9.775124e-06,0.053315,0.395405
pc,mpi_v2,e,10000000,4,404,2.7178396,0.0004422285,0.0001626868,0.055394,0.405445
pc,mpi_v2,e,10000000,4,405,2.7184315,0.0001496715,5.506108e-05,0.044547,0.389503
pc,mpi_v2,e,10000000,4,406,2.7184421,0.0001602715,5.89606e-05,0.054735,0.400215
pc,mpi_v2,e,10000000,4,407,2.7186235,0.0003416715,0.0001256939,0.056414,0.396089
pc,mpi_v2,e,10000000,8,801,2.7183585,7.667154e-05,2.820588e-05,0.031132,0.402997
pc,mpi_v2,e,10000000,8,802,2.7180036,0.0002782285,0.0001023545,0.030663,0.414892
pc,mpi_v2,e,10000000,8,803,2.7181845,9.732846e-05,3.580514e-05,0.031,0.424486
pc,mpi_v2,e,10000000,8,804,2.7180743,0.0002075285,7.634545e-05,0.031867,0.414471
pc,mpi_v2,e,10000000,8,805,2.7183729,9.107154e-05,3.350335e-05,0.040323,0.420571
pc,mpi_v2,e,10000000,8,806,2.7181585,0.0001233285,4.537e-05,0.030674,0.41394
pc,mpi_v2,e,10000000,8,807,2.7182878,5.971541e-06,2.196807e-06,0.030895,0.395487
pc,mpi_v2,e,100000000,1,101,2.71820845,7.337846e-05,2.699443e-05,1.752563,2.083524
pc,mpi_v2,e,100000000,1,102,2.7183124,3.057154e-05,1.124664e-05,1.661439,1.981699
pc,mpi_v2,e,100000000,1,103,2.71825514,2.668846e-05,9.818135e-06,1.734256,2.057741
pc,mpi_v2,e,100000000,1,104,2.71814085,0.0001409785,5.186308e-05,1.661041,1.981415
pc,mpi_v2,e,100000000,1,105,2.7182218,6.002846e-05,2.208324e-05,1.64123,1.961387
pc,mpi_v2,e,100000000,1,106,2.71830746,2.563154e-05,9.429317e-06,1.666695,1.990854
pc,mpi_v2,e,100000000,1,107,2.71832683,4.500154e-05,1.655514e-05,1.681898,2.011233
pc,mpi_v2,e,100000000,2,201,2.71839439,0.0001125615,4.140908e-05,0.847013,1.183161
pc,mpi_v2,e,100000000,2,202,2.71835764,7.581154e-05,2.788951e-05,0.847533,1.182378
pc,mpi_v2,e,100000000,2,203,2.71834452,6.269154e-05,2.306293e-05,0.938106,1.270129
pc,mpi_v2,e,100000000,2,204,2.71839331,0.0001114815,4.101177e-05,0.869916,1.193173
pc,mpi_v2,e,100000000,2,205,2.7182262,5.562846e-05,2.046457e-05,0.896835,1.220482
pc,mpi_v2,e,100000000,2,206,2.71845961,0.0001777815,6.540217e-05,0.831816,1.170579
pc,mpi_v2,e,100000000,2,207,2.71825582,2.600846e-05,9.567977e-06,0.873781,1.211321
pc,mpi_v2,e,100000000,4,401,2.71838979,0.0001079615,3.971683e-05,0.528995,0.888084
pc,mpi_v2,e,100000000,4,402,2.71812561,0.0001562185,5.746956e-05,0.535556,0.927501
pc,mpi_v2,e,100000000,4,403,2.71820367,7.815846e-05,2.875289e-05,0.505313,0.911064
pc,mpi_v2,e,100000000,4,404,2.71839452,0.0001126915,4.14569e-05,0.529074,0.90987
pc,mpi_v2,e,100000000,4,405,2.71829025,8.421541e-06,3.098112e-06,0.568903,0.931122
pc,mpi_v2,e,100000000,4,406,2.71821087,7.095846e-05,2.610416e-05,0.590765,0.993613
pc,mpi_v2,e,100000000,4,407,2.71836029,7.846154e-05,2.886439e-05,0.614063,1.045725
pc,mpi_v2,e,100000000,8,801,2.7181566,0.0001252285,4.606898e-05,0.365132,0.80091
pc,mpi_v2,e,100000000,8,802,2.71830924,2.741154e-05,1.008414e-05,0.391072,0.790838
pc,mpi_v2,e,100000000,8,803,2.71838685,0.0001050215,3.863527e-05,0.395113,0.790386
pc,mpi_v2,e,100000000,8,804,2.71817525,0.0001065785,3.920802e-05,0.413793,0.821052
pc,mpi_v2,e,100000000,8,805,2.71827072,1.110846e-05,4.086574e-06,0.372265,0.865686
pc,mpi_v2,e,100000000,8,806,2.71820808,7.374846e-05,2.713054e-05,0.398456,0.809195
pc,mpi_v2,e,100000000,8,807,2.7181905,9.132846e-05,3.359786e-05,0.391453,0.840691
pc,mpi_v2,e,1000000000,1,101,2.718306576,2.474754e-05,9.104112e-06,16.84301,17.177233
pc,mpi_v2,e,1000000000,1,102,2.718271994,9.834459e-06,3.617895e-06,16.480761,16.802376
pc,mpi_v2,e,1000000000,1,103,2.718294153,1.232454e-05,4.533945e-06,16.387095,16.707941
pc,mpi_v2,e,1000000000,1,104,2.718249009,3.281946e-05,1.20736e-05,16.723681,17.039622
pc,mpi_v2,e,1000000000,1,105,2.718263488,1.834046e-05,6.747078e-06,17.684554,18.002567
pc,mpi_v2,e,1000000000,1,106,2.718265866,1.596246e-05,5.872261e-06,20.285977,20.618808
pc,mpi_v2,e,1000000000,1,107,2.718265729,1.609946e-05,5.92266e-06,20.667629,21.058085
pc,mpi_v2,e,1000000000,2,201,2.718309233,2.740454e-05,1.008157e-05,10.133278,10.482804
pc,mpi_v2,e,1000000000,2,202,2.718332431,5.060254e-05,1.861563e-05,10.046416,10.392477
pc,mpi_v2,e,1000000000,2,203,2.718275403,6.425459e-06,2.363794e-06,10.143379,10.508304
pc,mpi_v2,e,1000000000,2,204,2.718291746,9.917541e-06,3.648459e-06,10.093166,10.45764
pc,mpi_v2,e,1000000000,2,205,2.718321622,3.979354e-05,1.463923e-05,10.300511,10.642099
pc,mpi_v2,e,1000000000,2,206,2.718311523,2.969454e-05,1.092401e-05,10.389774,10.730868
pc,mpi_v2,e,1000000000,2,207,2.718294039,1.221054e-05,4.492007e-06,10.045881,10.395081
pc,mpi_v2,e,1000000000,4,401,2.718283652,1.823541e-06,6.708432e-07,6.546809,6.89184
pc,mpi_v2,e,1000000000,4,402,2.718253475,2.835346e-05,1.043065e-05,6.42092,6.806043
pc,mpi_v2,e,1000000000,4,403,2.718229461,5.236746e-05,1.926491e-05,6.515497,6.919497
pc,mpi_v2,e,1000000000,4,404,2.718271086,1.074246e-05,3.95193e-06,6.670957,7.050436
pc,mpi_v2,e,1000000000,4,405,2.718299312,1.748354e-05,6.431835e-06,6.464515,6.843873
pc,mpi_v2,e,1000000000,4,406,2.718241086,4.074246e-05,1.498831e-05,6.513239,6.892168
pc,mpi_v2,e,1000000000,4,407,2.718241388,4.044046e-05,1.487721e-05,6.531482,6.889426
pc,mpi_v2,e,1000000000,8,801,2.718277682,4.146459e-06,1.525397e-06,4.607404,5.04115
pc,mpi_v2,e,1000000000,8,802,2.718278615,3.213459e-06,1.182166e-06,4.589612,5.055289
pc,mpi_v2,e,1000000000,8,803,2.718273769,8.059459e-06,2.964909e-06,4.569333,5.029969
pc,mpi_v2,e,1000000000,8,804,2.718305803,2.397454e-05,8.819741e-06,4.65406,5.127004
pc,mpi_v2,e,1000000000,8,805,2.71825462,2.720846e-05,1.000943e-05,4.53383,4.990805
pc,mpi_v2,e,1000000000,8,806,2.718282787,9.58541e-07,3.526275e-07,4.5602,5.043787
pc,mpi_v2,e,1000000000,8,807,2.7182806,1.228459e-06,4.519248e-07,5.202377,5.675079
pc,serial_v0,pi,100000,1,1,3.14152,7.265359e-05,2.312636e-05,0.003289,0.009479
pc,serial_v0,pi,100000,1,2,3.13384,0.007752654,0.002467746,0.003043,0.008457
pc,serial_v0,pi,100000,1,3,3.1404,0.001192654,0.0003796334,0.00317,0.00854
pc,serial_v0,pi,100000,1,4,3.13924,0.002352654,0.0007488729,0.003301,0.008549
pc,serial_v0,pi,100000,1,5,3.15048,0.008887346,0.00282893,0.003203,0.008279
pc,serial_v0,pi,100000,1,6,3.14532,0.003727346,0.001186451,0.003371,0.008691
pc,serial_v0,pi,100000,1,7,3.13748,0.004112654,0.001309098,0.002982,0.008486
pc,serial_v0,pi,1000000,1,1,3.141664,7.134641e-05,2.271027e-05,0.032204,0.03808
pc,serial_v0,pi,1000000,1,2,3.143824,0.002231346,0.0007102596,0.031063,0.036676
pc,serial_v0,pi,1000000,1,3,3.140476,0.001116654,0.0003554419,0.029954,0.035762
pc,serial_v0,pi,1000000,1,4,3.143172,0.001579346,0.0005027216,0.034301,0.040103
pc,serial_v0,pi,1000000,1,5,3.141456,0.0001366536,4.349819e-05,0.02743,0.032732
pc,serial_v0,pi,1000000,1,6,3.142644,0.001051346,0.000334654,0.031895,0.037685
pc,serial_v0,pi,1000000,1,7,3.139264,0.002328654,0.0007412335,0.027541,0.033058
pc,serial_v0,pi,10000000,1,1,3.14113,0.0004626536,0.0001472672,0.30722,0.313958
pc,serial_v0,pi,10000000,1,2,3.1419016,0.0003089464,9.83407e-05,0.282411,0.288264
pc,serial_v0,pi,10000000,1,3,3.141016,0.0005766536,0.0001835545,0.282506,0.288099
pc,serial_v0,pi,10000000,1,4,3.1422452,0.0006525464,0.000207712,0.278502,0.283825
pc,serial_v0,pi,10000000,1,5,3.1428004,0.001207746,0.0003844376,0.277079,0.283376
pc,serial_v0,pi,10000000,1,6,3.1415576,3.505359e-05,1.11579e-05,0.276477,0.282003
pc,serial_v0,pi,10000000,1,7,3.1413844,0.0002082536,6.628918e-05,0.274879,0.281152
pc,serial_v0,pi,100000000,1,1,3.14169792,0.0001052664,3.350734e-05,2.784988,2.790467
pc,serial_v0,pi,100000000,1,2,3.1416928,0.0001001464,3.187759e-05,2.849027,2.855105
pc,serial_v0,pi,100000000,1,3,3.14175312,0.0001604664,5.107804e-05,2.767258,2.773146
pc,serial_v0,pi,100000000,1,4,3.14158272,9.93359e-06,3.16196e-06,2.934852,2.941317
pc,serial_v0,pi,100000000,1,5,3.14217244,0.0005797864,0.0001845517,2.778117,2.785178
pc,serial_v0,pi,100000000,1,6,3.14161608,2.342641e-05,7.456858e-06,2.769113,2.775957
pc,serial_v0,pi,100000000,1,7,3.14146912,0.0001235336,3.932196e-05,2.761966,2.767681
pc,serial_v0,pi,1000000000,1,1,3.141603612,1.095841e-05,3.48817e-06,27.175385,27.180856
pc,serial_v0,pi,1000000000,1,2,3.141601528,8.87441e-06,2.824813e-06,27.281993,27.287906
pc,serial_v0,pi,1000000000,1,3,3.141622036,2.938241e-05,9.352712e-06,27.208193,27.21356
pc,serial_v0,pi,1000000000,1,4,3.141538952,5.370159e-05,1.709375e-05,27.368256,27.374773
pc,serial_v0,pi,1000000000,1,5,3.141707988,0.0001153344,3.671208e-05,27.186984,27.192758
pc,serial_v0,pi,1000000000,1,6,3.141609152,1.649841e-05,5.251607e-06,27.457827,27.464162
pc,serial_v0,pi,1000000000,1,7,3.141655768,6.311441e-05,2.008994e-05,27.263396,27.269097
pc,serial_v1,pi,100000,1,1,3.14152,7.265359e-05,2.312636e-05,0.003341,0.023185
pc,serial_v1,pi,100000,1,2,3.13384,0.007752654,0.002467746,0.003251,0.009007
pc,serial_v1,pi,100000,1,3,3.1404,0.001192654,0.0003796334,0.003155,0.008315
pc,serial_v1,pi,100000,1,4,3.13924,0.002352654,0.0007488729,0.003341,0.008446
pc,serial_v1,pi,100000,1,5,3.15048,0.008887346,0.00282893,0.003146,0.008474
pc,serial_v1,pi,100000,1,6,3.14532,0.003727346,0.001186451,0.00334,0.008512
pc,serial_v1,pi,100000,1,7,3.13748,0.004112654,0.001309098,0.00319,0.008439
pc,serial_v1,pi,1000000,1,1,3.141664,7.134641e-05,2.271027e-05,0.031764,0.037673
pc,serial_v1,pi,1000000,1,2,3.143824,0.002231346,0.0007102596,0.031137,0.037125
pc,serial_v1,pi,1000000,1,3,3.140476,0.001116654,0.0003554419,0.029422,0.035484
pc,serial_v1,pi,1000000,1,4,3.143172,0.001579346,0.0005027216,0.031116,0.036841
pc,serial_v1,pi,1000000,1,5,3.141456,0.0001366536,4.349819e-05,0.031093,0.037413
pc,serial_v1,pi,1000000,1,6,3.142644,0.001051346,0.000334654,0.030261,0.035945
pc,serial_v1,pi,1000000,1,7,3.139264,0.002328654,0.0007412335,0.030893,0.037571
pc,serial_v1,pi,10000000,1,1,3.14113,0.0004626536,0.0001472672,0.297705,0.30341
pc,serial_v1,pi,10000000,1,2,3.1419016,0.0003089464,9.83407e-05,0.28022,0.286096
pc,serial_v1,pi,10000000,1,3,3.141016,0.0005766536,0.0001835545,0.275661,0.281237
pc,serial_v1,pi,10000000,1,4,3.1422452,0.0006525464,0.000207712,0.277471,0.283382
pc,serial_v1,pi,10000000,1,5,3.1428004,0.001207746,0.0003844376,0.273479,0.279413
pc,serial_v1,pi,10000000,1,6,3.1415576,3.505359e-05,1.11579e-05,0.279193,0.2848
pc,serial_v1,pi,10000000,1,7,3.1413844,0.0002082536,6.628918e-05,0.275249,0.281367
pc,serial_v1,pi,100000000,1,1,3.14169792,0.0001052664,3.350734e-05,2.793588,2.798833
pc,serial_v1,pi,100000000,1,2,3.1416928,0.0001001464,3.187759e-05,2.708279,2.714615
pc,serial_v1,pi,100000000,1,3,3.14175312,0.0001604664,5.107804e-05,2.861379,2.866622
pc,serial_v1,pi,100000000,1,4,3.14158272,9.93359e-06,3.16196e-06,2.780274,2.786109
pc,serial_v1,pi,100000000,1,5,3.14217244,0.0005797864,0.0001845517,2.731418,2.736948
pc,serial_v1,pi,100000000,1,6,3.14161608,2.342641e-05,7.456858e-06,2.747675,2.753639
pc,serial_v1,pi,100000000,1,7,3.14146912,0.0001235336,3.932196e-05,2.717827,2.723719
pc,serial_v1,pi,1000000000,1,1,3.141603612,1.095841e-05,3.48817e-06,27.265853,27.272125
pc,serial_v1,pi,1000000000,1,2,3.141601528,8.87441e-06,2.824813e-06,27.165135,27.171318
pc,serial_v1,pi,1000000000,1,3,3.141622036,2.938241e-05,9.352712e-06,27.238524,27.244731
pc,serial_v1,pi,1000000000,1,4,3.141538952,5.370159e-05,1.709375e-05,27.140623,27.146889
pc,serial_v1,pi,1000000000,1,5,3.141707988,0.0001153344,3.671208e-05,27.104359,27.109778
pc,serial_v1,pi,1000000000,1,6,3.141609152,1.649841e-05,5.251607e-06,27.13781,27.143723
pc,serial_v1,pi,1000000000,1,7,3.141655768,6.311441e-05,2.008994e-05,27.239718,27.246321
pc,serial_v2,pi,100000,1,1,3.14176,0.0001673464,5.326802e-05,0.001143,0.020079
pc,serial_v2,pi,100000,1,2,3.1394,0.002192654,0.0006979433,0.001059,0.006156
pc,serial_v2,pi,100000,1,3,3.14228,0.0006873464,0.0002187892,0.00115,0.005909
pc,serial_v2,pi,100000,1,4,3.1356,0.005992654,0.001907521,0.001105,0.006197
pc,serial_v2,pi,100000,1,5,3.14056,0.001032654,0.0003287038,0.001062,0.006088
pc,serial_v2,pi,100000,1,6,3.14764,0.006047346,0.00192493,0.001074,0.006145
pc,serial_v2,pi,100000,1,7,3.14448,0.002887346,0.0009190709,0.001035,0.005692
pc,serial_v2,pi,1000000,1,1,3.141532,6.065359e-05,1.930664e-05,0.010696,0.015827
pc,serial_v2,pi,1000000,1,2,3.142484,0.0008913464,0.0002837244,0.009786,0.014818
pc,serial_v2,pi,1000000,1,3,3.140548,0.001044654,0.0003325236,0.010174,0.015589
pc,serial_v2,pi,1000000,1,4,3.140364,0.001228654,0.0003910926,0.010534,0.015883
pc,serial_v2,pi,1000000,1,5,3.142632,0.001039346,0.0003308342,0.010581,0.01598
pc,serial_v2,pi,1000000,1,6,3.140896,0.0006966536,0.0002217517,0.010312,0.016194
pc,serial_v2,pi,1000000,1,7,3.142104,0.0005113464,0.0001627666,0.010564,0.015633
pc,serial_v2,pi,10000000,1,1,3.1410384,0.0005542536,0.0001764244,0.096004,0.101288
pc,serial_v2,pi,10000000,1,2,3.1414824,0.0001102536,3.509481e-05,0.099306,0.104623
pc,serial_v2,pi,10000000,1,3,3.1410412,0.0005514536,0.0001755331,0.109515,0.114966
pc,serial_v2,pi,10000000,1,4,3.1410692,0.0005234536,0.0001666205,0.090863,0.095669
pc,serial_v2,pi,10000000,1,5,3.1426212,0.001028546,0.0003273965,0.090114,0.094813
pc,serial_v2,pi,10000000,1,6,3.141944,0.0003513464,0.000111837,0.092466,0.097636
pc,serial_v2,pi,10000000,1,7,3.1409672,0.0006254536,0.0001990881,0.093633,0.099014
pc,serial_v2,pi,100000000,1,1,3.14163084,3.818641e-05,1.215511e-05,0.906918,0.913471
pc,serial_v2,pi,100000000,1,2,3.1415564,3.625359e-05,1.153988e-05,0.895145,0.900792
pc,serial_v2,pi,100000000,1,3,3.14148728,0.0001053736,3.354146e-05,0.897468,0.902646
pc,serial_v2,pi,100000000,1,4,3.141645,5.234641e-05,1.666238e-05,0.902597,0.907879
pc,serial_v2,pi,100000000,1,5,3.14161684,2.418641e-05,7.698773e-06,0.906169,0.911627
pc,serial_v2,pi,100000000,1,6,3.14163536,4.270641e-05,1.359387e-05,0.903935,0.909048
pc,serial_v2,pi,100000000,1,7,3.14160644,1.378641e-05,4.388351e-06,0.906052,0.911644
pc,serial_v2,pi,1000000000,1,1,3.14154144,5.121359e-05,1.630179e-05,9.283651,9.289122
pc,serial_v2,pi,1000000000,1,2,3.141503612,8.904159e-05,2.834282e-05,9.359902,9.365485
pc,serial_v2,pi,1000000000,1,3,3.141593968,1.31441e-06,4.183898e-07,9.306118,9.311738
pc,serial_v2,pi,1000000000,1,4,3.14158388,8.77359e-06,2.79272e-06,9.569192,9.574191
pc,serial_v2,pi,1000000000,1,5,3.141567036,2.561759e-05,8.154332e-06,9.428898,9.434238
pc,serial_v2,pi,1000000000,1,6,3.141643884,5.123041e-05,1.630715e-05,9.645707,9.650963
pc,serial_v2,pi,1000000000,1,7,3.141609028,1.637441e-05,5.212137e-06,9.522399,9.528304
pc,mpi_v0,pi,100000,1,101,3.13616,0.005432654,0.001729267,0.003021,0.355584
pc,mpi_v0,pi,100000,1,102,3.1366,0.004992654,0.001589211,0.003214,0.334081
pc,mpi_v0,pi,100000,1,103,3.14512,0.003527346,0.001122789,0.003136,0.363838
pc,mpi_v0,pi,100000,1,104,3.13208,0.009512654,0.003027972,0.003186,0.34821
pc,mpi_v0,pi,100000,1,105,3.14148,0.0001126536,3.585875e-05,0.003282,0.351333
pc,mpi_v0,pi,100000,1,106,3.1338,0.007792654,0.002480479,0.00319,0.352389
pc,mpi_v0,pi,100000,1,107,3.13652,0.005072654,0.001614676,0.003186,0.343041
pc,mpi_v0,pi,100000,2,201,3.14944,0.007847346,0.002497888,0.001475,0.365677
pc,mpi_v0,pi,100000,2,202,3.1458,0.004207346,0.00133924,0.001487,0.339317
pc,mpi_v0,pi,100000,2,203,3.14084,0.0007526536,0.0002395771,0.001466,0.341582
pc,mpi_v0,pi,100000,2,204,3.13468,0.006912654,0.002200366,0.001529,0.336763
pc,mpi_v0,pi,100000,2,205,3.13348,0.008112654,0.002582338,0.00146,0.330742
pc,mpi_v0,pi,100000,2,206,3.13332,0.008272654,0.002633267,0.00154,0.362736
pc,mpi_v0,pi,100000,2,207,3.1326,0.008992654,0.002862451,0.001501,0.356808
pc,mpi_v0,pi,100000,4,401,3.1366,0.004992654,0.001589211,0.000732,0.345713
pc,mpi_v0,pi,100000,4,402,3.13952,0.002072654,0.0006597461,0.000724,0.350861
pc,mpi_v0,pi,100000,4,403,3.14184,0.0002473464,7.873281e-05,0.000731,0.364396
pc,mpi_v0,pi,100000,4,404,3.14296,0.001367346,0.0004352399,0.000725,0.351615
pc,mpi_v0,pi,100000,4,405,3.14392,0.002327346,0.0007408174,0.001073,0.351187
pc,mpi_v0,pi,100000,4,406,3.14444,0.002847346,0.0009063385,0.000755,0.379679
pc,mpi_v0,pi,100000,4,407,3.1448,0.003207346,0.00102093,0.000966,0.360282
pc,mpi_v0,pi,100000,8,801,3.14188,0.0002873464,9.14652e-05,0.000595,0.374249
pc,mpi_v0,pi,100000,8,802,3.14176,0.0001673464,5.326802e-05,0.000596,0.377534
pc,mpi_v0,pi,100000,8,803,3.14204,0.0004473464,0.0001423948,0.000547,0.373129
pc,mpi_v0,pi,100000,8,804,3.14012,0.001472654,0.0004687602,0.000614,0.377653
pc,mpi_v0,pi,100000,8,805,3.13768,0.003912654,0.001245436,0.000541,0.419981
pc,mpi_v0,pi,100000,8,806,3.14068,0.0009126536,0.0002905067,0.000552,0.379097
pc,mpi_v0,pi,100000,8,807,3.13744,0.004152654,0.001321831,0.000566,0.396965
pc,mpi_v0,pi,1000000,1,101,3.138192,0.003400654,0.001082462,0.031755,0.351703
pc,mpi_v0,pi,1000000,1,102,3.1407,0.0008926536,0.0002841405,0.038265,0.368669
pc,mpi_v0,pi,1000000,1,103,3.140724,0.0008686536,0.000276501,0.028765,0.35091
pc,mpi_v0,pi,1000000,1,104,3.14048,0.001112654,0.0003541686,0.029809,0.357548
pc,mpi_v0,pi,1000000,1,105,3.138844,0.002748654,0.0008749236,0.033535,0.377859
pc,mpi_v0,pi,1000000,1,106,3.140968,0.0006246536,0.0001988334,0.029679,0.362578
pc,mpi_v0,pi,1000000,1,107,3.141848,0.0002553464,8.127929e-05,0.029623,0.356309
pc,mpi_v0,pi,1000000,2,201,3.14338,0.001787346,0.00056893,0.014296,0.341138
pc,mpi_v0,pi,1000000,2,202,3.141404,0.0001886536,6.00503e-05,0.01362,0.341903
pc,mpi_v0,pi,1000000,2,203,3.140208,0.001384654,0.0004407489,0.014193,0.361793
pc,mpi_v0,pi,1000000,2,204,3.139164,0.002428654,0.0007730644,0.014187,0.359096
pc,mpi_v0,pi,1000000,2,205,3.141668,7.534641e-05,2.398351e-05,0.013784,0.345416
pc,mpi_v0,pi,1000000,2,206,3.142692,0.001099346,0.0003499328,0.013656,0.348629
pc,mpi_v0,pi,1000000,2,207,3.141388,0.0002046536,6.514326e-05,0.015656,0.345143
pc,mpi_v0,pi,1000000,4,401,3.139424,0.002168654,0.0006903039,0.007633,0.372063
pc,mpi_v0,pi,1000000,4,402,3.138544,0.003048654,0.0009704166,0.007967,0.352818
pc,mpi_v0,pi,1000000,4,403,3.139408,0.002184654,0.0006953968,0.007059,0.348519
pc,mpi_v0,pi,1000000,4,404,3.139404,0.002188654,0.0006966701,0.007023,0.354853
pc,mpi_v0,pi,1000000,4,405,3.141332,0.0002606536,8.296861e-05,0.010484,0.356989
pc,mpi_v0,pi,1000000,4,406,3.141384,0.0002086536,6.64165e-05,0.007117,0.341965
pc,mpi_v0,pi,1000000,4,407,3.141928,0.0003353464,0.0001067441,0.012658,0.431021
pc,mpi_v0,pi,1000000,8,801,3.14036,0.001232654,0.0003923658,0.005336,0.428245
pc,mpi_v0,pi,1000000,8,802,3.139388,0.002204654,0.000701763,0.005249,0.374691
pc,mpi_v0,pi,1000000,8,803,3.139936,0.001656654,0.0005273292,0.005309,0.404901
pc,mpi_v0,pi,1000000,8,804,3.141128,0.0004646536,0.0001479038,0.0058,0.442489
pc,mpi_v0,pi,1000000,8,805,3.140452,0.001140654,0.0003630813,0.005297,0.396643
pc,mpi_v0,pi,1000000,8,806,3.141796,0.0002033464,6.472717e-05,0.006356,0.376179
pc,mpi_v0,pi,1000000,8,807,3.141476,0.0001166536,3.713199e-05,0.005601,0.379118
pc,mpi_v0,pi,10000000,1,101,3.141248,0.0003446536,0.0001097066,0.271748,0.594327
pc,mpi_v0,pi,10000000,1,102,3.1413208,0.0002718536,8.653369e-05,0.271288,0.605091
pc,mpi_v0,pi,10000000,1,103,3.1419312,0.0003385464,0.0001077627,0.281634,0.614797
pc,mpi_v0,pi,10000000,1,104,3.1407752,0.0008174536,0.0002602036,0.276823,0.59352
pc,mpi_v0,pi,10000000,1,105,3.1414484,0.0001442536,4.591734e-05,0.281771,0.60401
pc,mpi_v0,pi,10000000,1,106,3.1410604,0.0005322536,0.0001694216,0.274032,0.609096
pc,mpi_v0,pi,10000000,1,107,3.1413984,0.0001942536,6.183284e-05,0.278102,0.602714
pc,mpi_v0,pi,10000000,2,201,3.1412288,0.0003638536,0.0001158182,0.149865,0.469769
pc,mpi_v0,pi,10000000,2,202,3.14162,2.734641e-05,8.704633e-06,0.134729,0.462592
pc,mpi_v0,pi,10000000,2,203,3.1413188,0.0002738536,8.71703e-05,0.136914,0.456909
pc,mpi_v0,pi,10000000,2,204,3.1409108,0.0006818536,0.0002170407,0.137702,0.467822
pc,mpi_v0,pi,10000000,2,205,3.1413004,0.0002922536,9.302721e-05,0.137846,0.460359
pc,mpi_v0,pi,10000000,2,206,3.1415944,1.74641e-06,5.558996e-07,0.158432,0.481267
pc,mpi_v0,pi,10000000,2,207,3.1417668,0.0001741464,5.543252e-05,0.136203,0.462027
pc,mpi_v0,pi,10000000,4,401,3.1416576,6.494641e-05,2.067308e-05,0.093379,0.425294
pc,mpi_v0,pi,10000000,4,402,3.1420476,0.0004549464,0.0001448139,0.076214,0.427912
pc,mpi_v0,pi,10000000,4,403,3.1420996,0.0005069464,0.0001613661,0.079317,0.436423
pc,mpi_v0,pi,10000000,4,404,3.1416112,1.854641e-05,5.903506e-06,0.077468,0.458794
pc,mpi_v0,pi,10000000,4,405,3.1416912,9.854641e-05,3.13683e-05,0.087835,0.460969
pc,mpi_v0,pi,10000000,4,406,3.1412516,0.0003410536,0.0001085607,0.091944,0.436209
pc,mpi_v0,pi,10000000,4,407,3.1410744,0.0005182536,0.0001649652,0.096245,0.458128
pc,mpi_v0,pi,10000000,8,801,3.1410964,0.0004962536,0.0001579624,0.052917,0.426761
pc,mpi_v0,pi,10000000,8,802,3.140838,0.0007546536,0.0002402137,0.053062,0.475292
pc,mpi_v0,pi,10000000,8,803,3.140706,0.0008866536,0.0002822306,0.05496,0.481456
pc,mpi_v0,pi,10000000,8,804,3.1409236,0.0006690536,0.0002129664,0.066095,0.487007
pc,mpi_v0,pi,10000000,8,805,3.1410508,0.0005418536,0.0001724774,0.053087,0.470887
pc,mpi_v0,pi,10000000,8,806,3.1409524,0.0006402536,0.000203799,0.05255,0.438918
pc,mpi_v0,pi,10000000,8,807,3.1407688,0.0008238536,0.0002622407,0.05309,0.436742
pc,mpi_v0,pi,100000000,1,101,3.1413604,0.0002322536,7.392861e-05,2.796795,3.120149
pc,mpi_v0,pi,100000000,1,102,3.141507,8.565359e-05,2.726438e-05,2.749664,3.080496
pc,mpi_v0,pi,100000000,1,103,3.14176376,0.0001711064,5.446486e-05,2.744938,3.084796
pc,mpi_v0,pi,100000000,1,104,3.14169396,0.0001013064,3.224683e-05,2.73612,3.061352
pc,mpi_v0,pi,100000000,1,105,3.14171896,0.0001263064,4.020458e-05,2.700038,3.040414
pc,mpi_v0,pi,100000000,1,106,3.14162128,2.862641e-05,9.112069e-06,2.738343,3.055841
pc,mpi_v0,pi,100000000,1,107,3.14143636,0.0001562936,4.974979e-05,2.697886,3.017333
pc,mpi_v0,pi,100000000,2,201,3.14166164,6.898641e-05,2.195906e-05,1.47985,1.815724
pc,mpi_v0,pi,100000000,2,202,3.14158936,3.29359e-06,1.048382e-06,1.486629,1.835196
pc,mpi_v0,pi,100000000,2,203,3.1417784,0.0001857464,5.912492e-05,1.523688,1.869859
pc,mpi_v0,pi,100000000,2,204,3.14167564,8.298641e-05,2.641539e-05,1.498502,1.825979
pc,mpi_v0,pi,100000000,2,205,3.14144332,0.0001493336,4.753436e-05,1.433741,1.764133
pc,mpi_v0,pi,100000000,2,206,3.14154556,4.709359e-05,1.499036e-05,1.579489,1.918678
pc,mpi_v0,pi,100000000,2,207,3.14158296,9.69359e-06,3.085565e-06,1.577261,1.897642
pc,mpi_v0,pi,100000000,4,401,3.14150472,8.793359e-05,2.799013e-05,1.027808,1.379156
pc,mpi_v0,pi,100000000,4,402,3.1414714,0.0001212536,3.859622e-05,1.088755,1.483321
pc,mpi_v0,pi,100000000,4,403,3.14142492,0.0001677336,5.339126e-05,1.082229,1.465657
pc,mpi_v0,pi,100000000,4,404,3.14142968,0.0001629736,5.18761e-05,1.018584,1.404297
pc,mpi_v0,pi,100000000,4,405,3.14154064,5.201359e-05,1.655644e-05,1.024079,1.441337
pc,mpi_v0,pi,100000000,4,406,3.14166344,7.078641e-05,2.253201e-05,1.054227,1.44518
pc,mpi_v0,pi,100000000,4,407,3.14164152,4.886641e-05,1.555466e-05,1.008303,1.410661
pc,mpi_v0,pi,100000000,8,801,3.14122632,0.0003663336,0.0001166076,0.701741,1.179827
pc,mpi_v0,pi,100000000,8,802,3.1411866,0.0004060536,0.0001292509,0.699766,1.121706
pc,mpi_v0,pi,100000000,8,803,3.14123352,0.0003591336,0.0001143158,0.837174,1.254307
pc,mpi_v0,pi,100000000,8,804,3.14129032,0.0003023336,9.623577e-05,0.703454,1.170235
pc,mpi_v0,pi,100000000,8,805,3.14139216,0.0002004936,6.381909e-05,0.693686,1.14206
pc,mpi_v0,pi,100000000,8,806,3.1414488,0.0001438536,4.579002e-05,0.723312,1.162588
pc,mpi_v0,pi,100000000,8,807,3.141361,0.0002316536,7.373763e-05,0.811343,1.294197
